Age,Gender (0 = F),YearinSchool,Greek,Drinks
20,0,3,1,1
20,0,3,1,1
20,0,3,1,1
20,0,3,1,1
20,0,3,1,1
20,0,3,1,1
20,0,3,1,1
20,0,3,1,1
20,0,3,1,1
20,0,3,1,1
20,0,3,1,1
20,0,3,1,1
20,0,3,1,1
20,0,3,1,1
20,0,3,1,1
20,0,3,1,1
20,0,3,1,1
20,0,3,1,1
20,0,3,1,0
20,0,3,1,1
20,0,3,1,0
20,0,3,1,0
20,0,3,1,0
20,0,3,1,0
20,0,3,1,0
20,0,3,1,0
20,1,2,1,0
20,1,2,1,0
20,1,2,1,0
20,1,2,1,1
20,1,2,1,0
20,1,2,1,1
20,1,2,1,1
20,1,2,1,1
20,1,2,1,1
20,1,2,1,1
20,0,2,1,1
20,0,2,1,1
20,0,2,1,1
20,0,2,1,1
20,0,2,1,1
20,0,2,1,1
20,0,2,1,1
20,0,2,1,1
20,0,2,1,0
20,0,2,1,0
20,0,2,1,0
20,0,2,1,0
20,0,2,1,0
20,0,2,1,0
20,0,2,1,0
20,0,2,1,0
20,0,2,1,1
20,0,2,1,1
20,0,2,1,1
20,0,2,1,1
20,0,2,1,1
20,0,2,1,1
20,0,2,1,1
20,0,2,1,1
21,0,5,1,1
21,1,4,1,1
21,1,4,1,1
21,1,4,1,1
21,0,4,1,1
21,0,4,1,1
21,0,4,1,0
21,0,4,1,0
21,0,4,1,0
21,0,4,1,0
21,0,4,1,0
21,0,4,1,0
21,0,4,1,0
21,1,3,1,0
21,1,3,1,0
21,1,3,1,0
21,1,3,1,0
21,0,3,1,0
21,0,3,1,0
21,0,3,1,0
21,0,3,1,1
21,0,3,1,1
21,0,3,1,1
21,0,3,1,1
21,0,3,1,1
21,0,3,1,1
21,0,3,1,1
21,0,3,1,1
21,0,3,1,1
21,0,3,1,1
21,0,3,1,1
21,0,3,1,1
21,0,3,1,1
21,0,3,1,1
21,0,3,1,1
21,0,2,1,1
21,0,2,1,1
22,1,5,1,1
22,0,5,1,1
22,0,5,1,1
22,0,5,1,1
22,0,5,1,1
22,0,5,1,1
22,1,4,1,1
22,1,4,1,1
22,1,4,1,1
22,1,4,1,1
22,0,4,1,1
22,0,4,1,1
22,0,4,1,1
22,0,4,1,0
22,0,4,1,0
22,0,4,1,0
22,0,4,1,0
22,0,4,1,0
22,0,4,1,0
22,0,3,1,0
22,0,3,1,1
22,0,3,1,1
22,1,2,1,1
22,0,1,1,1
23,1,5,1,1
23,0,5,1,1
23,0,5,1,1
23,0,5,1,1
23,0,5,1,1
23,1,4,1,1
23,0,4,1,1
23,0,4,1,1
23,0,4,1,1
23,0,4,1,1
23,0,4,1,1
23,1,3,1,1
24,1,4,1,1
24,1,5,0,0
24,1,5,0,0
24,1,5,0,0
24,0,5,0,0
24,0,5,0,0
24,0,5,0,0
24,0,5,0,0
24,0,5,0,0
24,0,5,0,0
24,1,4,0,0
24,1,4,0,0
24,1,4,0,0
24,1,4,0,0
24,1,4,0,0
24,0,4,0,1
24,0,4,0,1
24,0,4,0,1
24,0,4,0,1
24,0,4,0,1
24,1,3,0,1
24,1,3,0,1
24,1,3,0,1
24,1,3,0,1
24,1,3,0,1
24,0,3,0,1
24,0,3,0,1
24,0,3,0,1
24,1,2,0,0
24,1,2,0,1
25,1,5,1,1
25,0,5,1,1
25,0,5,1,0
25,0,5,1,0
25,0,5,1,0
25,1,4,1,1
25,1,4,1,1
25,0,4,1,1
25,0,4,1,1
25,0,4,1,1
25,0,4,1,1
25,0,4,1,1
25,0,4,1,1
25,1,3,1,1
25,1,3,1,1
25,1,3,1,1
25,0,3,1,1
25,0,3,1,1
25,0,2,1,1
25,1,1,1,1
25,0,1,1,1
25,1,5,0,0
25,1,5,0,0
25,1,5,0,0
25,1,5,0,0
25,1,5,0,0
25,1,5,0,0
25,1,5,0,0
25,1,5,0,0
25,1,5,0,0
25,1,5,0,1
25,1,5,0,1
25,1,5,0,1
25,1,5,0,1
25,1,5,0,1
25,1,5,0,1
25,1,5,0,1
25,1,5,0,1
25,1,5,0,1
25,1,5,0,1
25,1,5,0,0
25,1,5,0,0
25,1,5,0,1
25,1,5,0,1
25,0,5,0,1
25,0,5,0,1
25,0,5,0,1
25,0,5,0,1
25,0,5,0,1
25,0,5,0,1
25,1,4,0,1
25,1,4,0,1
25,1,4,0,1
25,1,4,0,1
25,1,4,0,1
25,1,4,0,1
25,1,4,0,1
25,1,4,0,1
25,1,4,0,1
25,1,4,0,1
25,1,4,0,1
25,1,4,0,1
25,1,4,0,1
25,1,4,0,1
25,1,4,0,0
25,1,4,0,0
25,1,4,0,0
25,1,4,0,0
25,1,4,0,0
25,1,4,0,0
25,1,4,0,0
25,0,4,0,0
25,0,4,0,0
25,0,4,0,0
25,0,4,0,0
25,0,4,0,0
25,0,4,0,0
25,0,4,0,0
25,0,4,0,0
25,0,4,0,0
25,0,4,0,0
25,0,4,0,0
25,0,4,0,0
25,0,4,0,0
25,0,4,0,0
25,0,4,0,0
25,0,4,0,0
25,0,4,0,0
25,0,4,0,0
25,0,4,0,0
25,0,4,0,0
25,0,4,0,0
25,0,4,0,0
25,0,4,0,0
25,0,4,0,0
25,0,4,0,0
25,0,4,0,0
25,0,4,0,0
25,0,4,0,0
25,0,4,0,0
25,0,4,0,0
25,0,4,0,0
25,0,4,0,0
25,0,4,0,0
25,0,4,0,0
25,0,4,0,0
25,0,4,0,0
25,0,4,0,0
25,0,4,0,1
25,0,4,0,1
25,0,4,0,0
25,0,4,0,0
25,0,4,0,0
25,0,4,0,0
25,0,4,0,1
25,0,4,0,1
25,0,4,0,1
25,0,4,0,1
25,0,4,0,1
25,0,4,0,1
25,0,4,0,0
25,0,4,0,0
25,0,4,0,0
25,0,4,0,0
25,0,4,0,0
25,0,4,0,0
25,0,4,0,1
25,1,3,0,1
25,1,3,0,1
25,1,3,0,1
25,1,3,0,1
25,1,3,0,1
25,1,3,0,1
25,1,3,0,1
25,1,3,0,1
25,1,3,0,1
25,1,3,0,1
25,1,3,0,1
25,1,3,0,1
25,1,3,0,1
25,1,3,0,1
25,1,3,0,1
25,1,3,0,1
25,1,3,0,1
25,1,3,0,1
25,0,3,0,1
25,0,3,0,1
25,0,3,0,1
25,0,3,0,1
25,0,3,0,1
25,0,3,0,1
25,0,3,0,1
25,0,3,0,1
25,0,3,0,0
25,0,3,0,0
25,0,3,0,0
25,0,3,0,0
25,0,3,0,0
25,0,3,0,0
25,0,3,0,1
25,0,3,0,1
25,0,3,0,1
25,0,3,0,1
25,0,3,0,1
25,0,3,0,1
25,0,3,0,1
25,0,3,0,1
25,0,3,0,1
25,0,3,0,1
25,0,3,0,1
25,0,3,0,1
25,0,3,0,1
25,0,3,0,1
25,0,3,0,1
25,0,3,0,1
25,0,3,0,1
25,0,3,0,1
25,0,3,0,1
25,0,3,0,1
25,0,3,0,1
25,0,2,0,1
25,0,2,0,1
25,0,2,0,1
25,0,2,0,1
25,0,2,0,1
25,0,2,0,1
25,0,2,0,1
25,0,2,0,1
25,0,2,0,1
25,1,1,0,1
25,1,1,0,1
25,1,1,0,1
25,1,1,0,1
25,0,1,0,1
25,0,1,0,1
25,0,1,0,1
25,0,1,0,1
18,0,1,1,2.5
18,0,1,1,2.5
18,0,2,0,2.5
18,0,2,0,2.5
18,0,2,0,2.5
18,1,1,0,2.5
18,1,1,0,2.5
18,1,1,0,2.5
18,0,1,0,2.5
18,0,1,0,2.5
18,0,1,0,2.5
18,0,1,0,2.5
18,0,1,0,2.5
18,0,1,0,2.5
18,0,1,0,2.5
18,0,1,0,2.5
18,0,1,0,2.5
18,0,1,0,2.5
18,0,1,0,2.5
18,0,1,0,2.5
18,0,1,0,2.5
18,0,1,0,2.5
18,0,1,0,2.5
18,0,1,0,2.5
18,0,1,0,2.5
18,0,1,0,2.5
18,0,1,0,2.5
18,0,1,0,2.5
19,0,2,1,2.5
19,0,2,1,2.5
19,0,2,1,2.5
19,1,1,1,2.5
19,0,1,1,2.5
19,0,1,1,2.5
19,0,1,1,2.5
19,1,3,0,2.5
19,0,3,0,2.5
19,0,3,0,2.5
19,1,2,0,2.5
19,1,2,0,2.5
19,1,2,0,2.5
19,1,2,0,2.5
19,0,2,0,2.5
19,0,2,0,2.5
19,0,2,0,2.5
19,0,2,0,2.5
19,0,2,0,2.5
19,0,2,0,2.5
19,0,2,0,2.5
19,0,2,0,2.5
19,0,2,0,2.5
19,0,2,0,2.5
19,1,1,0,2.5
19,1,1,0,2.5
19,1,1,0,2.5
19,1,1,0,2.5
19,0,1,0,2.5
19,0,1,0,2.5
19,0,1,0,2.5
19,0,1,0,2.5
19,0,1,0,2.5
19,0,1,0,2.5
19,0,1,0,2.5
19,0,1,0,2.5
19,0,1,0,2.5
19,0,1,0,2.5
19,0,1,0,2.5
19,0,1,0,2.5
19,0,1,0,2.5
19,0,1,0,2.5
20,1,3,1,2.5
20,1,3,1,2.5
20,0,3,1,2.5
20,0,3,1,2.5
20,0,3,1,2.5
20,0,3,1,2.5
20,1,2,1,2.5
20,0,2,1,2.5
20,0,2,1,2.5
20,0,2,1,2.5
21,0,4,1,2.5
21,0,4,1,2.5
21,0,4,1,2.5
21,0,4,1,2.5
21,1,3,1,2.5
21,0,3,1,2.5
21,0,3,1,2.5
21,0,3,1,2.5
21,0,3,1,2.5
21,0,3,1,2.5
21,0,3,1,2.5
21,0,3,1,2.5
21,0,3,1,2.5
21,0,3,1,2.5
21,0,3,1,2.5
21,1,2,1,2.5
21,0,5,0,2.5
21,1,4,0,2.5
21,1,4,0,2.5
21,0,4,0,2.5
21,0,4,0,2.5
21,0,4,0,2.5
21,0,4,0,2.5
21,0,4,0,2.5
21,0,4,0,2.5
21,0,4,0,2.5
21,0,4,0,2.5
21,0,4,0,2.5
21,0,4,0,2.5
21,0,4,0,2.5
21,0,4,0,2.5
21,0,4,0,2.5
21,0,4,0,2.5
21,0,4,0,2.5
21,0,4,0,2.5
21,0,4,0,2.5
21,0,4,0,2.5
21,0,4,0,2.5
21,0,4,0,2.5
21,0,4,0,2.5
21,0,4,0,2.5
21,1,3,0,2.5
21,1,3,0,2.5
21,1,3,0,2.5
21,1,3,0,2.5
21,0,3,0,2.5
21,0,3,0,2.5
21,0,3,0,2.5
21,0,3,0,2.5
21,0,3,0,2.5
21,0,3,0,2.5
21,0,3,0,2.5
21,0,3,0,2.5
21,0,3,0,2.5
21,0,3,0,2.5
21,0,3,0,2.5
21,0,3,0,2.5
21,0,3,0,2.5
21,0,3,0,2.5
21,0,3,0,2.5
21,0,3,0,2.5
21,1,2,0,2.5
21,0,2,0,2.5
21,0,2,0,2.5
21,0,2,0,2.5
22,0,5,1,2.5
22,1,4,1,2.5
22,0,4,1,2.5
22,0,4,1,2.5
23,1,4,1,2.5
23,0,4,1,2.5
23,0,3,1,2.5
23,1,5,0,2.5
23,1,5,0,2.5
23,1,5,0,2.5
23,0,5,0,2.5
23,0,5,0,2.5
23,0,5,0,2.5
23,0,5,0,2.5
23,0,5,0,2.5
23,0,5,0,2.5
23,1,4,0,2.5
23,0,4,0,2.5
23,0,4,0,2.5
23,0,2,0,2.5
24,0,4,1,2.5
24,1,5,0,2.5
24,0,5,0,2.5
24,0,4,0,2.5
24,1,2,0,2.5
24,0,2,0,2.5
25,0,3,1,2.5
25,1,5,0,2.5
25,1,5,0,2.5
25,1,5,0,2.5
25,0,5,0,2.5
25,0,5,0,2.5
25,0,5,0,2.5
25,0,5,0,2.5
25,0,5,0,2.5
25,0,5,0,2.5
25,0,5,0,2.5
25,1,4,0,2.5
25,1,4,0,2.5
25,1,4,0,2.5
25,1,4,0,2.5
25,1,4,0,2.5
25,1,4,0,2.5
25,1,4,0,2.5
25,1,4,0,2.5
25,0,4,0,2.5
25,0,4,0,2.5
25,0,4,0,2.5
25,0,4,0,2.5
25,0,4,0,2.5
25,0,4,0,2.5
25,0,4,0,2.5
25,0,4,0,2.5
25,0,4,0,2.5
25,0,4,0,2.5
25,0,4,0,2.5
25,0,4,0,2.5
25,0,4,0,2.5
25,0,4,0,2.5
25,0,4,0,2.5
25,0,4,0,2.5
25,0,4,0,2.5
25,0,4,0,2.5
25,0,4,0,2.5
25,0,4,0,2.5
25,0,4,0,2.5
25,0,4,0,2.5
25,0,4,0,2.5
25,0,4,0,2.5
25,0,4,0,2.5
25,1,3,0,2.5
25,1,3,0,2.5
25,1,3,0,2.5
25,1,3,0,2.5
25,1,3,0,2.5
25,1,3,0,2.5
25,1,3,0,2.5
25,1,3,0,2.5
25,0,3,0,2.5
25,0,3,0,2.5
25,0,3,0,2.5
25,0,3,0,2.5
25,0,3,0,2.5
25,0,3,0,2.5
25,0,3,0,2.5
25,0,3,0,2.5
25,0,3,0,2.5
25,0,3,0,2.5
25,0,3,0,2.5
25,0,3,0,2.5
25,0,3,0,2.5
25,0,3,0,2.5
25,0,3,0,2.5
25,0,3,0,2.5
25,0,3,0,2.5
25,1,2,0,2.5
25,1,2,0,2.5
25,1,2,0,2.5
25,0,2,0,2.5
25,0,2,0,2.5
25,0,2,0,2.5
25,1,1,0,2.5
25,0,1,0,2.5
25,0,1,0,2.5
25,0,1,0,2.5
18,0,1,1,4
18,0,1,1,4
18,0,5,0,4
18,1,2,0,4
18,1,2,0,4
18,1,1,0,4
18,1,1,0,4
18,1,1,0,4
18,1,1,0,4
18,1,1,0,4
18,1,1,0,4
18,1,1,0,4
18,1,1,0,4
18,1,1,0,4
18,0,1,0,4
18,0,1,0,4
18,0,1,0,4
18,0,1,0,4
18,0,1,0,4
18,0,1,0,4
18,0,1,0,4
18,0,1,0,4
18,0,1,0,4
18,0,1,0,4
18,0,1,0,4
18,0,1,0,4
18,0,1,0,4
18,0,1,0,4
18,0,1,0,4
18,0,1,0,4
18,0,1,0,4
18,0,1,0,4
18,0,1,0,4
18,0,1,0,4
18,0,1,0,4
18,0,1,0,4
18,0,1,0,4
18,0,1,0,4
18,0,1,0,4
18,0,1,0,4
18,0,1,0,4
19,0,2,1,4
19,0,2,1,4
19,0,2,1,4
19,0,2,1,4
19,0,2,1,4
19,0,1,1,4
19,0,1,1,4
19,0,1,1,4
20,1,3,1,4
20,0,3,1,4
20,0,3,1,4
20,0,3,1,4
20,0,3,1,4
20,0,3,1,4
20,0,2,1,4
20,0,2,1,4
20,0,2,1,4
21,0,5,1,4
21,1,4,1,4
21,1,4,1,4
21,1,4,1,4
21,0,4,1,4
21,0,4,1,4
21,0,4,1,4
21,0,4,1,4
21,0,3,1,4
21,0,3,1,4
21,0,3,1,4
21,0,3,1,4
21,0,3,1,4
21,1,4,0,4
21,1,4,0,4
21,1,4,0,4
21,1,4,0,4
21,1,4,0,4
21,1,4,0,4
21,1,4,0,4
21,1,4,0,4
21,0,4,0,4
21,0,4,0,4
21,0,4,0,4
21,0,4,0,4
21,0,4,0,4
21,0,4,0,4
21,0,4,0,4
21,0,4,0,4
21,0,4,0,4
21,0,4,0,4
21,0,4,0,4
21,0,4,0,4
21,0,4,0,4
21,0,4,0,4
21,0,4,0,4
21,0,4,0,4
21,0,4,0,4
21,0,4,0,4
21,0,4,0,4
21,0,4,0,4
21,0,4,0,4
21,0,4,0,4
21,0,4,0,4
21,0,4,0,4
21,0,4,0,4
21,0,4,0,4
21,1,3,0,4
21,1,3,0,4
21,1,3,0,4
21,1,3,0,4
21,1,3,0,4
21,1,3,0,4
21,1,3,0,4
21,1,3,0,4
21,1,3,0,4
21,1,3,0,4
21,1,3,0,4
21,1,3,0,4
21,1,3,0,4
21,0,3,0,4
21,0,3,0,4
21,0,3,0,4
21,0,3,0,4
21,0,3,0,4
21,0,3,0,4
21,0,3,0,4
21,0,3,0,4
21,0,3,0,4
21,0,3,0,4
21,0,3,0,4
21,0,3,0,4
21,0,3,0,4
21,0,3,0,4
21,0,3,0,4
21,0,3,0,4
21,0,3,0,4
21,0,3,0,4
21,0,3,0,4
21,0,3,0,4
21,0,3,0,4
21,0,3,0,4
21,0,3,0,4
21,0,3,0,4
21,0,3,0,4
21,0,3,0,4
21,0,3,0,4
21,0,3,0,4
21,0,3,0,4
21,0,3,0,4
21,0,3,0,4
21,1,2,0,4
21,1,2,0,4
21,1,2,0,4
21,1,2,0,4
21,0,2,0,4
22,1,4,1,4
22,0,4,1,4
22,0,4,1,4
22,0,4,1,4
22,0,4,1,4
22,0,4,1,4
22,0,4,1,4
22,0,3,1,4
23,0,5,1,4
23,0,5,1,4
23,1,3,1,4
23,1,5,0,4
23,1,5,0,4
23,1,5,0,4
23,1,5,0,4
23,0,5,0,4
23,0,5,0,4
23,0,5,0,4
23,0,5,0,4
23,0,5,0,4
23,0,5,0,4
23,0,5,0,4
23,0,5,0,4
23,1,4,0,4
23,0,4,0,4
23,0,4,0,4
23,0,4,0,4
23,0,4,0,4
23,0,4,0,4
23,0,4,0,4
23,1,3,0,4
23,0,3,0,4
23,0,3,0,4
23,0,2,0,4
23,0,2,0,4
23,0,2,0,4
24,1,5,1,4
24,0,5,1,4
24,0,5,1,4
24,0,5,1,4
24,1,5,0,4
24,0,5,0,4
24,0,5,0,4
24,0,4,0,4
24,0,4,0,4
24,0,4,0,4
24,0,4,0,4
24,0,4,0,4
24,1,3,0,4
24,0,3,0,4
24,0,3,0,4
24,0,2,0,4
24,0,2,0,4
25,0,5,1,4
25,0,5,1,4
25,1,4,1,4
25,0,4,1,4
25,0,4,1,4
25,0,4,1,4
25,0,4,1,4
25,0,4,1,4
25,0,4,1,4
25,0,4,1,4
25,0,2,1,4
25,1,5,0,4
25,1,5,0,4
25,1,5,0,4
25,1,5,0,4
25,1,5,0,4
25,1,5,0,4
25,1,5,0,4
25,0,5,0,4
25,0,5,0,4
25,0,5,0,4
25,0,5,0,4
25,0,5,0,4
25,0,5,0,4
25,1,4,0,4
25,1,4,0,4
25,1,4,0,4
25,1,4,0,4
25,1,4,0,4
25,1,4,0,4
25,1,4,0,4
25,1,4,0,4
25,1,4,0,4
25,0,4,0,4
25,0,4,0,4
25,0,4,0,4
25,0,4,0,4
25,0,4,0,4
25,0,4,0,4
25,0,4,0,4
25,0,4,0,4
25,0,4,0,4
25,0,4,0,4
25,0,4,0,4
25,0,4,0,4
25,0,4,0,4
25,0,4,0,4
25,0,4,0,4
25,0,4,0,4
25,0,4,0,4
25,0,4,0,4
25,0,4,0,4
25,0,4,0,4
25,0,4,0,4
25,0,4,0,4
25,1,3,0,4
25,1,3,0,4
25,1,3,0,4
25,1,3,0,4
25,1,3,0,4
25,1,3,0,4
25,1,3,0,4
25,1,3,0,4
25,0,3,0,4
25,0,3,0,4
25,0,3,0,4
25,0,3,0,4
25,0,3,0,4
25,0,3,0,4
25,0,3,0,4
25,0,3,0,4
25,0,3,0,4
25,0,3,0,4
25,0,3,0,4
25,1,2,0,4
25,1,2,0,4
25,1,2,0,4
25,1,2,0,4
25,1,2,0,4
25,0,2,0,4
25,0,2,0,4
25,0,2,0,4
25,0,2,0,4
25,0,2,0,4
25,0,2,0,4
25,1,1,0,4
25,0,1,0,4
25,0,1,0,4
25,0,1,0,4
25,0,1,0,4
18,1,1,1,5
18,1,1,0,5
18,1,1,0,5
18,1,1,0,5
18,1,1,0,5
18,1,1,0,5
18,0,1,0,5
19,0,2,1,5
19,1,1,1,5
19,0,1,1,5
20,0,4,1,5
20,0,3,1,5
21,1,4,1,5
21,0,4,1,5
21,0,4,1,5
21,0,4,1,5
21,1,3,1,5
21,0,3,1,5
21,0,3,1,5
21,0,5,0,5
21,1,4,0,5
21,1,4,0,5
21,1,4,0,5
21,1,4,0,5
21,1,4,0,5
21,1,4,0,5
21,1,4,0,5
21,0,4,0,5
21,0,4,0,5
21,0,4,0,5
21,0,4,0,5
21,0,4,0,5
21,0,4,0,5
21,0,4,0,5
21,0,4,0,5
21,0,4,0,5
21,0,4,0,5
21,0,4,0,5
21,0,4,0,5
21,0,4,0,5
21,0,4,0,5
21,0,4,0,5
21,0,4,0,5
21,0,4,0,5
21,0,4,0,5
21,0,4,0,5
21,0,4,0,5
21,0,4,0,5
21,1,3,0,5
21,1,3,0,5
21,1,3,0,5
21,1,3,0,5
21,1,3,0,5
21,1,3,0,5
21,1,3,0,5
21,1,3,0,5
21,0,3,0,5
21,0,3,0,5
21,0,3,0,5
21,0,3,0,5
21,0,3,0,5
21,0,3,0,5
21,0,3,0,5
21,0,3,0,5
21,0,3,0,5
21,0,3,0,5
21,0,3,0,5
21,0,3,0,5
21,0,3,0,5
21,0,3,0,5
21,0,3,0,5
21,1,2,0,5
22,1,5,1,5
22,0,5,1,5
22,0,5,1,5
22,0,4,1,5
23,1,5,1,5
23,1,3,1,5
23,1,5,0,5
23,1,5,0,5
23,0,5,0,5
23,0,5,0,5
23,0,5,0,5
23,0,5,0,5
23,0,5,0,5
23,0,5,0,5
23,0,5,0,5
23,0,4,0,5
23,0,4,0,5
23,0,4,0,5
23,0,4,0,5
24,0,5,1,5
24,1,5,0,5
24,1,5,0,5
24,0,5,0,5
24,1,4,0,5
24,1,4,0,5
24,0,4,0,5
24,0,3,0,5
25,0,1,1,5
25,1,5,0,5
25,1,5,0,5
25,1,5,0,5
25,0,5,0,5
25,0,5,0,5
25,0,5,0,5
25,0,5,0,5
25,0,5,0,5
25,0,5,0,5
25,0,5,0,5
25,1,4,0,5
25,1,4,0,5
25,1,4,0,5
25,1,4,0,5
25,1,4,0,5
25,1,4,0,5
25,0,4,0,5
25,0,4,0,5
25,0,4,0,5
25,0,4,0,5
25,0,4,0,5
25,0,4,0,5
25,1,3,0,5
25,1,3,0,5
25,1,3,0,5
25,0,3,0,5
25,0,3,0,5
25,0,3,0,5
25,0,3,0,5
25,0,3,0,5
25,1,2,0,5
25,0,2,0,5
25,0,2,0,5
25,0,2,0,5
25,0,2,0,5
25,0,1,0,5
18,0,1,1,5.5
18,0,1,1,5.5
18,1,1,0,5.5
18,1,1,0,5.5
18,1,1,0,5.5
18,1,1,0,5.5
18,1,1,0,5.5
18,1,1,0,5.5
18,0,1,0,5.5
18,0,1,0,5.5
18,0,1,0,5.5
18,0,1,0,5.5
18,0,1,0,5.5
18,0,1,0,5.5
18,0,1,0,5.5
18,0,1,0,5.5
18,0,1,0,5.5
18,0,1,0,5.5
18,0,1,0,5.5
18,0,1,0,5.5
18,0,1,0,5.5
18,0,1,0,5.5
18,0,1,0,5.5
18,0,1,0,5.5
18,0,1,0,5.5
18,0,1,0,5.5
18,0,1,0,5.5
18,0,1,0,5.5
18,0,1,0,5.5
18,0,1,0,5.5
18,0,1,0,5.5
18,0,1,0,5.5
18,0,1,0,5.5
19,1,2,1,5.5
19,0,2,1,5.5
19,0,2,1,5.5
19,1,1,1,5.5
19,0,1,1,5.5
19,0,1,1,5.5
19,0,1,1,5.5
19,0,1,1,5.5
19,0,1,1,5.5
20,0,3,1,5.5
20,0,3,1,5.5
20,0,3,1,5.5
20,0,3,1,5.5
20,1,2,1,5.5
20,0,2,1,5.5
20,0,2,1,5.5
20,0,2,1,5.5
20,0,2,1,5.5
20,0,2,1,5.5
20,0,2,1,5.5
20,0,2,1,5.5
21,0,4,1,5.5
21,0,4,1,5.5
21,0,4,1,5.5
21,0,4,1,5.5
21,0,3,1,5.5
21,0,3,1,5.5
21,0,3,1,5.5
21,0,3,1,5.5
21,0,5,0,5.5
21,1,4,0,5.5
21,1,4,0,5.5
21,1,4,0,5.5
21,1,4,0,5.5
21,1,4,0,5.5
21,1,4,0,5.5
21,1,4,0,5.5
21,1,4,0,5.5
21,1,4,0,5.5
21,1,4,0,5.5
21,1,4,0,5.5
21,0,4,0,5.5
21,0,4,0,5.5
21,0,4,0,5.5
21,0,4,0,5.5
21,0,4,0,5.5
21,0,4,0,5.5
21,0,4,0,5.5
21,0,4,0,5.5
21,0,4,0,5.5
21,0,4,0,5.5
21,0,4,0,5.5
21,0,4,0,5.5
21,0,4,0,5.5
21,0,4,0,5.5
21,1,3,0,5.5
21,1,3,0,5.5
21,1,3,0,5.5
21,1,3,0,5.5
21,1,3,0,5.5
21,1,3,0,5.5
21,1,3,0,5.5
21,1,3,0,5.5
21,0,3,0,5.5
21,0,3,0,5.5
21,0,3,0,5.5
21,0,3,0,5.5
21,0,3,0,5.5
21,0,3,0,5.5
21,0,3,0,5.5
21,0,3,0,5.5
21,0,3,0,5.5
21,0,3,0,5.5
21,0,3,0,5.5
21,0,3,0,5.5
21,0,3,0,5.5
21,0,3,0,5.5
21,0,3,0,5.5
21,0,2,0,5.5
21,0,2,0,5.5
21,1,1,0,5.5
21,0,1,0,5.5
21,0,1,0,5.5
22,1,4,1,5.5
22,1,4,1,5.5
22,0,4,1,5.5
22,0,4,1,5.5
22,0,4,1,5.5
22,0,4,1,5.5
22,0,3,1,5.5
23,1,5,1,5.5
23,1,5,0,5.5
23,1,5,0,5.5
23,0,5,0,5.5
23,0,5,0,5.5
23,0,5,0,5.5
23,0,5,0,5.5
23,0,4,0,5.5
23,0,4,0,5.5
23,1,3,0,5.5
23,0,3,0,5.5
24,1,4,1,5.5
24,0,5,0,5.5
24,0,5,0,5.5
24,1,4,0,5.5
24,0,4,0,5.5
24,0,4,0,5.5
24,0,4,0,5.5
24,0,3,0,5.5
24,0,3,0,5.5
24,0,3,0,5.5
24,0,3,0,5.5
24,0,3,0,5.5
24,0,3,0,5.5
24,0,2,0,5.5
24,0,1,0,5.5
25,0,5,1,5.5
25,0,5,1,5.5
25,1,5,0,5.5
25,0,5,0,5.5
25,0,5,0,5.5
25,0,5,0,5.5
25,0,5,0,5.5
25,1,4,0,5.5
25,1,4,0,5.5
25,0,4,0,5.5
25,0,4,0,5.5
25,0,4,0,5.5
25,0,4,0,5.5
25,0,4,0,5.5
25,1,3,0,5.5
25,1,3,0,5.5
25,1,3,0,5.5
25,1,3,0,5.5
25,0,3,0,5.5
25,0,3,0,5.5
25,0,2,0,5.5
25,0,2,0,5.5
25,0,2,0,5.5
25,0,2,0,5.5
25,0,2,0,5.5
25,0,2,0,5.5
25,0,1,0,5.5
18,0,1,1,7
18,1,1,0,7
18,1,1,0,7
18,1,1,0,7
18,1,1,0,7
18,1,1,0,7
18,1,1,0,7
18,1,1,0,7
18,0,1,0,7
18,0,1,0,7
18,0,1,0,7
18,0,1,0,7
18,0,1,0,7
18,0,1,0,7
18,0,1,0,7
18,0,1,0,7
18,0,1,0,7
18,0,1,0,7
18,0,1,0,7
18,0,1,0,7
18,0,1,0,7
18,0,1,0,7
18,0,1,0,7
18,0,1,0,7
18,0,1,0,7
18,0,1,0,7
18,0,1,0,7
18,0,1,0,7
18,0,1,0,7
18,0,1,0,7
18,0,1,0,7
19,1,2,1,7
19,0,2,1,7
19,0,2,1,7
19,0,2,1,7
19,0,2,1,7
19,0,2,1,7
19,1,1,1,7
19,0,1,1,7
19,0,1,1,7
19,0,1,1,7
19,0,1,1,7
19,0,1,1,7
20,1,3,1,7
20,1,3,1,7
20,0,3,1,7
20,0,3,1,7
20,0,3,1,7
20,1,2,1,7
20,1,2,1,7
20,0,2,1,7
20,0,2,1,7
21,1,4,1,7
21,1,4,1,7
21,0,4,1,7
21,0,4,1,7
21,0,3,1,7
21,1,4,0,7
21,1,4,0,7
21,1,4,0,7
21,1,4,0,7
21,1,4,0,7
21,1,4,0,7
21,0,4,0,7
21,0,4,0,7
21,0,4,0,7
21,0,4,0,7
21,0,4,0,7
21,0,4,0,7
21,0,4,0,7
21,0,4,0,7
21,0,4,0,7
21,0,4,0,7
21,0,4,0,7
21,0,4,0,7
21,1,3,0,7
21,1,3,0,7
21,1,3,0,7
21,1,3,0,7
21,1,3,0,7
21,1,3,0,7
21,1,3,0,7
21,1,3,0,7
21,1,3,0,7
21,1,3,0,7
21,1,3,0,7
21,1,3,0,7
21,0,3,0,7
21,0,3,0,7
21,0,3,0,7
21,0,3,0,7
21,0,3,0,7
21,0,3,0,7
21,0,3,0,7
21,0,3,0,7
21,0,3,0,7
21,0,3,0,7
21,0,3,0,7
21,0,3,0,7
21,0,3,0,7
21,0,3,0,7
21,0,3,0,7
21,0,3,0,7
21,0,3,0,7
21,0,3,0,7
21,0,3,0,7
21,0,3,0,7
21,1,2,0,7
21,1,2,0,7
21,1,2,0,7
21,1,2,0,7
22,0,5,1,7
22,0,5,1,7
22,0,4,1,7
22,0,4,1,7
22,0,4,1,7
23,0,3,1,7
23,0,3,1,7
23,1,5,0,7
23,1,5,0,7
23,0,5,0,7
23,0,5,0,7
23,0,5,0,7
23,0,4,0,7
23,0,4,0,7
23,0,4,0,7
23,0,4,0,7
23,1,3,0,7
23,1,3,0,7
23,1,3,0,7
23,0,3,0,7
23,0,3,0,7
23,1,2,0,7
24,0,5,1,7
24,0,3,1,7
24,1,5,0,7
24,1,5,0,7
24,0,5,0,7
24,0,5,0,7
24,1,4,0,7
24,0,4,0,7
24,0,3,0,7
24,0,3,0,7
24,0,3,0,7
24,0,2,0,7
24,1,1,0,7
25,0,5,1,7
25,0,5,0,7
25,0,5,0,7
25,0,5,0,7
25,1,4,0,7
25,1,4,0,7
25,1,4,0,7
25,1,4,0,7
25,0,4,0,7
25,0,4,0,7
25,0,4,0,7
25,1,3,0,7
25,1,3,0,7
25,1,3,0,7
25,0,3,0,7
25,0,3,0,7
25,0,2,0,7
25,0,2,0,7
25,0,2,0,7
18,0,1,1,8.5
18,1,1,0,8.5
18,1,1,0,8.5
18,1,1,0,8.5
18,1,1,0,8.5
18,1,1,0,8.5
18,0,1,0,8.5
18,0,1,0,8.5
18,0,1,0,8.5
18,0,1,0,8.5
18,0,1,0,8.5
18,0,1,0,8.5
18,0,1,0,8.5
18,0,1,0,8.5
18,0,1,0,8.5
18,0,1,0,8.5
18,0,1,0,8.5
19,1,2,1,8.5
19,0,2,1,8.5
19,0,2,1,8.5
19,0,1,1,8.5
20,1,3,1,8.5
20,1,2,1,8.5
20,0,2,1,8.5
20,0,2,1,8.5
21,1,5,1,8.5
21,1,4,1,8.5
21,1,3,1,8.5
21,0,3,1,8.5
21,1,4,0,8.5
21,1,4,0,8.5
21,1,4,0,8.5
21,0,4,0,8.5
21,0,4,0,8.5
21,0,4,0,8.5
21,0,4,0,8.5
21,0,4,0,8.5
21,0,4,0,8.5
21,0,4,0,8.5
21,0,4,0,8.5
21,1,3,0,8.5
21,1,3,0,8.5
21,1,3,0,8.5
21,1,3,0,8.5
21,0,3,0,8.5
21,0,3,0,8.5
21,0,3,0,8.5
21,0,3,0,8.5
21,0,3,0,8.5
21,0,3,0,8.5
21,0,3,0,8.5
21,0,3,0,8.5
21,0,3,0,8.5
21,0,3,0,8.5
21,0,3,0,8.5
21,0,3,0,8.5
21,0,3,0,8.5
21,0,3,0,8.5
21,0,3,0,8.5
21,0,3,0,8.5
21,0,3,0,8.5
21,0,3,0,8.5
21,0,3,0,8.5
21,0,3,0,8.5
21,1,2,0,8.5
21,1,2,0,8.5
21,1,1,0,8.5
21,0,1,0,8.5
21,0,1,0,8.5
22,0,5,1,8.5
22,1,4,1,8.5
22,0,4,1,8.5
22,0,4,1,8.5
22,0,4,1,8.5
23,1,5,1,8.5
23,1,4,1,8.5
23,1,5,0,8.5
23,0,5,0,8.5
23,0,5,0,8.5
23,0,5,0,8.5
23,1,4,0,8.5
23,0,4,0,8.5
23,1,3,0,8.5
23,1,3,0,8.5
23,1,2,0,8.5
24,1,5,0,8.5
24,0,5,0,8.5
24,0,4,0,8.5
24,1,2,0,8.5
25,0,5,0,8.5
25,0,5,0,8.5
25,1,4,0,8.5
25,1,4,0,8.5
25,1,4,0,8.5
25,0,4,0,8.5
25,0,4,0,8.5
25,0,4,0,8.5
25,1,3,0,8.5
25,1,3,0,8.5
25,1,3,0,8.5
25,0,3,0,8.5
25,0,3,0,8.5
25,0,3,0,8.5
25,1,2,0,8.5
25,0,2,0,8.5
18,0,1,1,9
18,0,1,1,9
18,0,1,1,9
18,0,4,0,9
18,0,3,0,9
18,1,2,0,9
18,1,2,0,9
18,0,2,0,9
18,1,1,0,9
18,1,1,0,9
18,1,1,0,9
18,0,1,0,9
18,0,1,0,9
18,0,1,0,9
18,0,1,0,9
18,0,1,0,9
18,0,1,0,9
18,0,1,0,9
18,0,1,0,9
18,0,1,0,9
18,0,1,0,9
18,0,1,0,9
18,0,1,0,9
18,0,1,0,9
18,0,1,0,9
18,0,1,0,9
18,0,1,0,9
18,0,1,0,9
18,0,1,0,9
18,0,1,0,9
18,0,1,0,9
18,0,1,0,9
18,0,1,0,9
18,0,1,0,9
18,0,1,0,9
18,0,1,0,9
18,0,1,0,9
18,0,1,0,9
19,0,3,1,9
19,0,2,1,9
19,0,2,1,9
19,0,2,1,9
19,0,2,1,9
19,0,2,1,9
19,0,1,1,9
19,0,1,1,9
19,0,1,1,9
20,1,3,1,9
20,1,3,1,9
20,1,3,1,9
20,0,3,1,9
20,0,3,1,9
20,0,3,1,9
20,0,3,1,9
20,0,3,1,9
20,0,3,1,9
20,0,2,1,9
20,0,2,1,9
20,0,2,1,9
20,0,2,1,9
20,0,2,1,9
21,1,4,1,9
21,0,4,1,9
21,0,4,1,9
21,0,4,1,9
21,0,4,1,9
21,0,4,1,9
21,1,3,1,9
21,1,3,1,9
21,0,3,1,9
21,0,3,1,9
21,0,3,1,9
21,0,3,1,9
21,0,3,1,9
21,0,3,1,9
21,1,4,0,9
21,1,4,0,9
21,1,4,0,9
21,1,4,0,9
21,1,4,0,9
21,1,4,0,9
21,1,4,0,9
21,1,4,0,9
21,1,4,0,9
21,1,4,0,9
21,1,4,0,9
21,1,4,0,9
21,1,4,0,9
21,0,4,0,9
21,0,4,0,9
21,0,4,0,9
21,0,4,0,9
21,0,4,0,9
21,0,4,0,9
21,0,4,0,9
21,0,4,0,9
21,0,4,0,9
21,0,4,0,9
21,0,4,0,9
21,0,4,0,9
21,0,4,0,9
21,0,4,0,9
21,0,4,0,9
21,0,4,0,9
21,0,4,0,9
21,0,4,0,9
21,0,4,0,9
21,0,4,0,9
21,0,4,0,9
21,0,4,0,9
21,0,4,0,9
21,0,4,0,9
21,0,4,0,9
21,0,4,0,9
21,0,4,0,9
21,0,4,0,9
21,0,4,0,9
21,0,4,0,9
21,0,4,0,9
21,0,4,0,9
21,0,4,0,9
21,0,4,0,9
21,0,4,0,9
21,0,4,0,9
21,0,4,0,9
21,0,4,0,9
21,0,4,0,9
21,0,4,0,9
21,0,4,0,9
21,0,4,0,9
21,0,4,0,9
21,0,4,0,9
21,0,4,0,9
21,0,4,0,9
21,0,4,0,9
21,0,4,0,9
21,0,4,0,9
21,0,4,0,9
21,0,4,0,9
21,0,4,0,9
21,0,4,0,9
21,1,3,0,9
21,1,3,0,9
21,1,3,0,9
21,1,3,0,9
21,1,3,0,9
21,1,3,0,9
21,1,3,0,9
21,1,3,0,9
21,1,3,0,9
21,0,3,0,9
21,0,3,0,9
21,0,3,0,9
21,0,3,0,9
21,0,3,0,9
21,0,3,0,9
21,0,3,0,9
21,0,3,0,9
21,0,3,0,9
21,0,3,0,9
21,0,3,0,9
21,0,3,0,9
21,0,3,0,9
21,0,3,0,9
21,0,3,0,9
21,0,3,0,9
21,0,3,0,9
21,0,3,0,9
21,0,3,0,9
21,0,3,0,9
21,0,3,0,9
21,0,3,0,9
21,0,3,0,9
21,0,3,0,9
21,0,3,0,9
21,0,3,0,9
21,0,3,0,9
21,0,3,0,9
21,0,3,0,9
21,0,3,0,9
21,0,3,0,9
21,0,3,0,9
21,0,3,0,9
21,0,3,0,9
21,0,3,0,9
21,0,3,0,9
21,0,3,0,9
21,0,3,0,9
21,0,3,0,9
21,0,3,0,9
21,0,3,0,9
21,1,2,0,9
21,1,2,0,9
21,1,2,0,9
21,1,2,0,9
21,0,2,0,9
22,1,5,1,9
22,1,5,1,9
22,1,5,1,9
22,1,5,1,9
22,0,5,1,9
22,0,5,1,9
22,1,4,1,9
22,0,4,1,9
22,0,4,1,9
22,0,4,1,9
22,0,4,1,9
22,0,4,1,9
23,0,5,1,9
23,1,4,1,9
23,1,4,1,9
23,1,3,1,9
23,1,1,1,9
23,1,5,0,9
23,1,5,0,9
23,1,5,0,9
23,1,5,0,9
23,0,5,0,9
23,0,5,0,9
23,0,5,0,9
23,0,5,0,9
23,0,5,0,9
23,0,5,0,9
23,0,5,0,9
23,0,5,0,9
23,0,5,0,9
23,0,5,0,9
23,0,5,0,9
23,0,4,0,9
23,0,4,0,9
23,0,4,0,9
23,0,4,0,9
23,0,4,0,9
23,0,4,0,9
23,1,3,0,9
23,1,3,0,9
23,1,3,0,9
23,0,3,0,9
23,0,3,0,9
23,0,3,0,9
23,0,3,0,9
23,0,3,0,9
23,0,3,0,9
23,0,3,0,9
23,0,2,0,9
23,0,2,0,9
23,0,2,0,9
24,1,5,0,9
24,0,5,0,9
24,0,5,0,9
24,0,5,0,9
24,0,5,0,9
24,0,5,0,9
24,1,4,0,9
24,1,4,0,9
24,0,4,0,9
24,0,4,0,9
24,0,4,0,9
24,0,4,0,9
24,1,3,0,9
24,0,3,0,9
24,0,3,0,9
24,1,2,0,9
24,0,1,0,9
24,0,1,0,9
25,0,5,1,9
25,1,4,1,9
25,0,4,1,9
25,1,3,1,9
25,0,3,1,9
25,1,2,1,9
25,0,2,1,9
25,1,5,0,9
25,0,5,0,9
25,0,5,0,9
25,0,5,0,9
25,0,5,0,9
25,0,5,0,9
25,0,5,0,9
25,0,5,0,9
25,0,5,0,9
25,0,5,0,9
25,0,5,0,9
25,0,5,0,9
25,0,5,0,9
25,1,4,0,9
25,1,4,0,9
25,1,4,0,9
25,1,4,0,9
25,1,4,0,9
25,1,4,0,9
25,0,4,0,9
25,0,4,0,9
25,0,4,0,9
25,0,4,0,9
25,0,4,0,9
25,0,4,0,9
25,0,4,0,9
25,0,4,0,9
25,0,4,0,9
25,0,4,0,9
25,0,4,0,9
25,1,3,0,9
25,1,3,0,9
25,1,3,0,9
25,1,3,0,9
25,1,3,0,9
25,1,3,0,9
25,1,3,0,9
25,1,3,0,9
25,1,3,0,9
25,1,3,0,9
25,1,3,0,9
25,1,3,0,9
25,0,3,0,9
25,0,3,0,9
25,0,3,0,9
25,0,3,0,9
25,0,3,0,9
25,0,3,0,9
25,0,3,0,9
25,0,3,0,9
25,0,3,0,9
25,0,3,0,9
25,1,2,0,9
25,1,2,0,9
25,1,2,0,9
25,1,2,0,9
25,1,2,0,9
25,0,2,0,9
25,0,2,0,9
25,1,1,0,9
25,1,1,0,9
18,0,1,1,10
18,0,1,1,10
18,1,1,0,10
18,1,1,0,10
18,1,1,0,10
18,1,1,0,10
18,1,1,0,10
18,0,1,0,10
18,0,1,0,10
18,0,1,0,10
18,0,1,0,10
18,0,1,0,10
18,0,1,0,10
18,0,1,0,10
19,1,2,1,10
19,1,1,1,10
20,0,3,1,10
20,0,2,1,10
21,1,3,1,10
21,0,3,1,10
21,1,5,0,10
21,1,4,0,10
21,1,4,0,10
21,1,3,0,10
21,1,3,0,10
21,1,3,0,10
21,1,3,0,10
21,0,3,0,10
21,0,3,0,10
21,1,2,0,10
21,0,2,0,10
23,1,3,0,10
23,1,3,0,10
23,1,2,0,10
24,1,3,0,10
25,1,4,0,10
25,1,4,0,10
25,1,2,0,10
25,0,1,0,10
18,1,1,0,11.5
18,1,1,0,11.5
18,1,1,0,11.5
18,1,1,0,11.5
18,1,1,0,11.5
18,0,1,0,11.5
18,0,1,0,11.5
18,0,1,0,11.5
20,1,3,1,11.5
20,1,3,1,11.5
20,0,3,1,11.5
21,0,3,1,11.5
21,0,4,0,11.5
21,1,3,0,11.5
21,1,3,0,11.5
23,1,5,0,11.5
23,0,4,0,11.5
23,1,2,0,11.5
24,1,5,0,11.5
25,1,4,0,11.5
25,0,4,0,11.5
25,0,4,0,11.5
25,1,2,0,11.5
18,0,1,1,13
18,0,1,1,13
18,0,1,1,13
18,0,1,1,13
18,0,1,1,13
18,0,1,1,13
18,0,1,1,13
18,0,5,0,13
18,1,3,0,13
18,0,2,0,13
18,1,1,0,13
18,1,1,0,13
18,1,1,0,13
18,1,1,0,13
18,1,1,0,13
18,1,1,0,13
18,1,1,0,13
18,1,1,0,13
18,0,1,0,13
18,0,1,0,13
18,0,1,0,13
18,0,1,0,13
18,0,1,0,13
18,0,1,0,13
18,0,1,0,13
18,0,1,0,13
18,0,1,0,13
18,0,1,0,13
18,0,1,0,13
18,0,1,0,13
18,0,1,0,13
18,0,1,0,13
18,0,1,0,13
18,0,1,0,13
18,0,1,0,13
18,0,1,0,13
18,0,1,0,13
18,0,1,0,13
18,0,1,0,13
18,0,1,0,13
18,0,1,0,13
18,0,1,0,13
18,0,1,0,13
18,0,1,0,13
18,0,1,0,13
18,0,1,0,13
18,0,1,0,13
18,0,1,0,13
18,0,1,0,13
18,0,1,0,13
18,0,1,0,13
19,1,2,1,13
19,0,2,1,13
19,0,2,1,13
19,0,2,1,13
19,0,2,1,13
19,0,2,1,13
19,0,2,1,13
19,1,1,1,13
19,0,1,1,13
19,0,1,1,13
20,1,3,1,13
20,1,3,1,13
20,1,3,1,13
20,0,3,1,13
20,0,3,1,13
20,0,3,1,13
20,0,3,1,13
20,0,3,1,13
20,0,3,1,13
20,0,3,1,13
20,1,2,1,13
20,1,2,1,13
20,0,2,1,13
20,0,2,1,13
20,0,2,1,13
20,0,2,1,13
20,0,2,1,13
20,0,2,1,13
21,1,4,1,13
21,1,4,1,13
21,0,4,1,13
21,0,4,1,13
21,0,4,1,13
21,0,4,1,13
21,0,4,1,13
21,0,4,1,13
21,0,4,1,13
21,0,4,1,13
21,1,3,1,13
21,1,3,1,13
21,1,3,1,13
21,0,3,1,13
21,0,3,1,13
21,0,3,1,13
21,0,3,1,13
21,1,2,1,13
21,0,5,0,13
21,0,5,0,13
21,1,4,0,13
21,1,4,0,13
21,1,4,0,13
21,1,4,0,13
21,1,4,0,13
21,1,4,0,13
21,1,4,0,13
21,1,4,0,13
21,1,4,0,13
21,1,4,0,13
21,0,4,0,13
21,0,4,0,13
21,0,4,0,13
21,0,4,0,13
21,0,4,0,13
21,0,4,0,13
21,0,4,0,13
21,0,4,0,13
21,0,4,0,13
21,0,4,0,13
21,0,4,0,13
21,0,4,0,13
21,0,4,0,13
21,0,4,0,13
21,0,4,0,13
21,0,4,0,13
21,0,4,0,13
21,0,4,0,13
21,0,4,0,13
21,0,4,0,13
21,0,4,0,13
21,0,4,0,13
21,1,3,0,13
21,1,3,0,13
21,1,3,0,13
21,1,3,0,13
21,1,3,0,13
21,1,3,0,13
21,1,3,0,13
21,1,3,0,13
21,1,3,0,13
21,1,3,0,13
21,1,3,0,13
21,1,3,0,13
21,1,3,0,13
21,1,3,0,13
21,1,3,0,13
21,1,3,0,13
21,1,3,0,13
21,1,3,0,13
21,1,3,0,13
21,0,3,0,13
21,0,3,0,13
21,0,3,0,13
21,0,3,0,13
21,0,3,0,13
21,0,3,0,13
21,0,3,0,13
21,0,3,0,13
21,0,3,0,13
21,0,3,0,13
21,0,3,0,13
21,0,3,0,13
21,0,3,0,13
21,0,3,0,13
21,0,3,0,13
21,0,3,0,13
21,0,3,0,13
21,0,3,0,13
21,0,3,0,13
21,0,3,0,13
21,0,3,0,13
21,0,3,0,13
21,0,3,0,13
21,0,3,0,13
21,0,3,0,13
21,0,3,0,13
21,0,3,0,13
21,0,3,0,13
21,0,3,0,13
21,1,2,0,13
21,1,2,0,13
21,0,2,0,13
21,0,2,0,13
21,0,2,0,13
21,0,1,0,13
22,1,5,1,13
22,1,4,1,13
22,1,4,1,13
22,1,4,1,13
22,0,4,1,13
22,0,4,1,13
22,0,4,1,13
22,0,4,1,13
22,0,4,1,13
23,1,5,1,13
23,1,4,1,13
23,0,4,1,13
23,1,5,0,13
23,1,5,0,13
23,1,5,0,13
23,0,5,0,13
23,0,5,0,13
23,0,5,0,13
23,0,5,0,13
23,0,5,0,13
23,0,5,0,13
23,0,5,0,13
23,0,5,0,13
23,1,4,0,13
23,1,4,0,13
23,0,4,0,13
23,0,4,0,13
23,0,4,0,13
23,0,4,0,13
23,0,4,0,13
23,0,4,0,13
23,1,3,0,13
23,1,3,0,13
23,1,3,0,13
23,1,3,0,13
23,1,3,0,13
23,1,3,0,13
23,0,3,0,13
23,0,3,0,13
23,0,3,0,13
23,0,3,0,13
23,1,2,0,13
23,1,2,0,13
24,0,5,1,13
24,1,4,1,13
24,1,5,0,13
24,1,4,0,13
24,1,4,0,13
24,1,4,0,13
24,0,4,0,13
24,1,3,0,13
24,0,3,0,13
24,0,3,0,13
24,0,3,0,13
24,1,2,0,13
25,1,5,1,13
25,1,4,1,13
25,0,4,1,13
25,1,5,0,13
25,1,5,0,13
25,1,5,0,13
25,1,5,0,13
25,1,5,0,13
25,1,5,0,13
25,1,5,0,13
25,0,5,0,13
25,0,5,0,13
25,0,5,0,13
25,0,5,0,13
25,0,5,0,13
25,0,5,0,13
25,0,5,0,13
25,1,4,0,13
25,1,4,0,13
25,1,4,0,13
25,1,4,0,13
25,1,4,0,13
25,0,4,0,13
25,0,4,0,13
25,0,4,0,13
25,0,4,0,13
25,0,4,0,13
25,0,4,0,13
25,0,4,0,13
25,0,4,0,13
25,0,4,0,13
25,1,3,0,13
25,1,3,0,13
25,1,3,0,13
25,1,3,0,13
25,0,3,0,13
25,0,3,0,13
25,0,3,0,13
25,0,3,0,13
25,0,3,0,13
25,0,3,0,13
25,0,3,0,13
25,0,3,0,13
25,1,2,0,13
25,1,2,0,13
25,0,1,0,13
18,1,1,0,14.5
18,1,1,0,14.5
18,1,1,0,14.5
18,1,1,0,14.5
18,0,1,0,14.5
20,1,2,1,14.5
20,0,2,1,14.5
21,1,3,0,14.5
21,0,3,0,14.5
23,1,5,1,14.5
23,1,5,0,14.5
23,0,1,0,14.5
24,1,5,1,14.5
24,1,2,1,14.5
24,0,4,0,14.5
24,0,4,0,14.5
21,0,4,1,15.5
21,0,4,1,15.5
21,1,3,1,15.5
21,1,4,0,15.5
21,0,4,0,15.5
21,0,4,0,15.5
21,0,4,0,15.5
21,0,4,0,15.5
21,1,3,0,15.5
21,1,3,0,15.5
21,1,3,0,15.5
21,0,3,0,15.5
21,0,3,0,15.5
21,0,3,0,15.5
21,0,3,0,15.5
21,0,3,0,15.5
22,1,4,1,15.5
24,1,4,0,15.5
24,0,4,0,15.5
25,0,4,1,15.5
25,0,4,1,15.5
25,0,5,0,15.5
25,1,4,0,15.5
25,1,4,0,15.5
25,1,4,0,15.5
25,0,4,0,15.5
25,0,4,0,15.5
25,0,4,0,15.5
25,0,4,0,15.5
25,1,3,0,15.5
25,0,3,0,15.5
25,0,3,0,15.5
25,1,2,0,15.5
25,0,2,0,15.5
18,1,1,1,16
18,0,2,0,16
18,1,1,0,16
18,0,1,0,16
18,0,1,0,16
19,0,2,1,16
20,0,3,1,16
20,1,2,1,16
20,1,2,1,16
20,1,2,1,16
21,1,4,1,16
21,0,4,1,16
21,0,4,1,16
21,0,4,1,16
21,0,4,1,16
21,0,4,1,16
21,1,3,1,16
21,0,3,1,16
21,0,3,1,16
21,0,3,1,16
21,1,5,0,16
21,1,4,0,16
21,1,4,0,16
21,1,4,0,16
21,1,4,0,16
21,1,4,0,16
21,1,4,0,16
21,0,4,0,16
21,0,4,0,16
21,0,4,0,16
21,0,4,0,16
21,0,4,0,16
21,0,4,0,16
21,0,4,0,16
21,0,4,0,16
21,0,4,0,16
21,0,4,0,16
21,0,4,0,16
21,0,4,0,16
21,0,4,0,16
21,0,4,0,16
21,0,4,0,16
21,0,4,0,16
21,0,4,0,16
21,0,4,0,16
21,0,4,0,16
21,0,4,0,16
21,0,4,0,16
21,0,4,0,16
21,0,4,0,16
21,1,3,0,16
21,1,3,0,16
21,1,3,0,16
21,1,3,0,16
21,1,3,0,16
21,1,3,0,16
21,1,3,0,16
21,1,3,0,16
21,1,3,0,16
21,1,3,0,16
21,1,3,0,16
21,0,3,0,16
21,0,3,0,16
21,0,3,0,16
21,0,3,0,16
21,0,3,0,16
21,0,3,0,16
21,0,3,0,16
21,0,3,0,16
21,0,3,0,16
21,0,3,0,16
21,0,3,0,16
21,0,3,0,16
21,0,3,0,16
21,0,3,0,16
21,0,3,0,16
21,0,3,0,16
21,0,3,0,16
21,0,3,0,16
21,0,3,0,16
21,0,3,0,16
21,0,3,0,16
21,0,3,0,16
21,0,3,0,16
21,1,2,0,16
21,0,2,0,16
22,1,4,1,16
22,1,4,1,16
22,0,4,1,16
22,0,4,1,16
22,0,4,1,16
22,0,4,1,16
22,0,4,1,16
22,0,4,1,16
22,0,4,1,16
23,1,5,1,16
23,0,4,1,16
23,1,5,0,16
23,0,5,0,16
23,0,5,0,16
23,0,5,0,16
23,0,5,0,16
23,0,5,0,16
23,0,4,0,16
23,0,4,0,16
23,1,3,0,16
23,0,3,0,16
23,0,1,0,16
24,1,5,1,16
24,1,5,0,16
24,1,5,0,16
24,0,5,0,16
24,1,4,0,16
24,0,4,0,16
24,0,4,0,16
24,0,4,0,16
25,1,5,1,16
25,0,5,1,16
25,0,4,1,16
25,1,3,0,16
25,0,3,0,16
18,1,1,1,17
18,1,1,1,17
18,0,1,1,17
18,1,1,0,17
18,1,1,0,17
18,1,1,0,17
18,1,1,0,17
18,1,1,0,17
18,1,1,0,17
18,1,1,0,17
18,1,1,0,17
18,0,1,0,17
18,0,1,0,17
18,0,1,0,17
18,0,1,0,17
18,0,1,0,17
18,0,1,0,17
18,0,1,0,17
18,0,1,0,17
18,0,1,0,17
18,0,1,0,17
18,0,1,0,17
18,0,1,0,17
18,0,1,0,17
18,0,1,0,17
18,0,1,0,17
18,0,1,0,17
18,0,1,0,17
18,0,1,0,17
18,0,1,0,17
18,0,1,0,17
18,0,1,0,17
18,0,1,0,17
18,0,1,0,17
18,0,1,0,17
18,0,1,0,17
18,0,1,0,17
18,0,1,0,17
19,0,2,1,17
19,0,2,1,17
19,0,2,1,17
19,0,2,1,17
19,0,2,1,17
19,1,1,1,17
19,0,1,1,17
19,0,1,1,17
19,0,1,1,17
19,0,1,1,17
20,0,3,1,17
20,0,3,1,17
20,0,3,1,17
20,0,3,1,17
20,0,3,1,17
20,0,3,1,17
20,0,3,1,17
20,0,3,1,17
20,1,2,1,17
20,1,2,1,17
20,0,2,1,17
20,0,2,1,17
20,0,2,1,17
20,0,2,1,17
20,0,2,1,17
20,0,2,1,17
20,0,2,1,17
20,0,2,1,17
20,0,2,1,17
21,1,4,1,17
21,1,4,1,17
21,0,4,1,17
21,0,4,1,17
21,0,4,1,17
21,0,4,1,17
21,0,4,1,17
21,1,3,1,17
21,1,3,1,17
21,0,3,1,17
21,0,3,1,17
21,0,3,1,17
21,0,3,1,17
21,0,3,1,17
21,0,3,1,17
21,0,3,1,17
21,1,4,0,17
21,1,4,0,17
21,1,4,0,17
21,1,4,0,17
21,1,4,0,17
21,0,4,0,17
21,0,4,0,17
21,0,4,0,17
21,0,4,0,17
21,0,4,0,17
21,0,4,0,17
21,0,4,0,17
21,0,4,0,17
21,0,4,0,17
21,0,4,0,17
21,0,4,0,17
21,0,4,0,17
21,0,4,0,17
21,0,4,0,17
21,0,4,0,17
21,0,4,0,17
21,0,4,0,17
21,0,4,0,17
21,0,4,0,17
21,0,4,0,17
21,0,4,0,17
21,0,4,0,17
21,0,4,0,17
21,0,4,0,17
21,1,3,0,17
21,1,3,0,17
21,1,3,0,17
21,1,3,0,17
21,1,3,0,17
21,1,3,0,17
21,1,3,0,17
21,1,3,0,17
21,1,3,0,17
21,1,3,0,17
21,1,3,0,17
21,0,3,0,17
21,0,3,0,17
21,0,3,0,17
21,0,3,0,17
21,0,3,0,17
21,0,3,0,17
21,0,3,0,17
21,0,3,0,17
21,0,3,0,17
21,0,3,0,17
21,0,3,0,17
21,0,3,0,17
21,0,3,0,17
21,0,3,0,17
21,0,3,0,17
21,0,3,0,17
21,0,3,0,17
21,0,3,0,17
21,0,3,0,17
21,1,2,0,17
21,0,2,0,17
21,1,1,0,17
22,1,4,1,17
22,0,4,1,17
22,0,4,1,17
22,0,4,1,17
22,0,4,1,17
22,0,4,1,17
22,0,4,1,17
22,0,4,1,17
22,0,4,1,17
22,1,3,1,17
22,0,3,1,17
22,1,2,1,17
23,1,5,0,17
23,1,5,0,17
23,0,5,0,17
23,0,5,0,17
23,0,5,0,17
23,0,5,0,17
23,0,5,0,17
23,0,5,0,17
23,0,5,0,17
23,1,4,0,17
23,1,4,0,17
23,1,4,0,17
23,0,4,0,17
23,0,4,0,17
23,0,4,0,17
23,1,3,0,17
23,0,3,0,17
23,0,3,0,17
24,0,5,0,17
24,1,4,0,17
24,1,4,0,17
24,0,4,0,17
24,0,4,0,17
24,0,4,0,17
24,0,4,0,17
24,0,4,0,17
24,0,4,0,17
24,1,3,0,17
24,0,3,0,17
24,0,3,0,17
24,1,1,0,17
24,1,1,0,17
25,0,5,1,17
25,1,4,1,17
25,0,4,1,17
25,0,4,1,17
25,0,3,1,17
25,1,5,0,17
25,1,5,0,17
25,0,5,0,17
25,0,5,0,17
25,0,5,0,17
25,1,4,0,17
25,1,4,0,17
25,1,4,0,17
25,0,4,0,17
25,0,4,0,17
25,0,4,0,17
25,0,3,0,17
25,0,3,0,17
25,0,3,0,17
25,0,3,0,17
25,0,3,0,17
25,1,2,0,17
25,1,2,0,17
25,1,2,0,17
25,1,2,0,17
25,0,2,0,17
25,0,2,0,17
25,1,1,0,17
25,0,1,0,17
18,0,1,1,21
18,0,3,0,21
18,0,2,0,21
18,1,1,0,21
18,1,1,0,21
18,1,1,0,21
18,1,1,0,21
18,1,1,0,21
18,1,1,0,21
18,0,1,0,21
18,0,1,0,21
18,0,1,0,21
18,0,1,0,21
18,0,1,0,21
18,0,1,0,21
18,0,1,0,21
18,0,1,0,21
18,0,1,0,21
18,0,1,0,21
18,0,1,0,21
18,0,1,0,21
18,0,1,0,21
18,0,1,0,21
18,0,1,0,21
19,1,2,1,21
19,1,2,1,21
19,0,2,1,21
19,0,2,1,21
19,0,2,1,21
19,0,2,1,21
19,1,1,1,21
19,0,1,1,21
19,0,1,1,21
20,1,3,1,21
20,1,3,1,21
20,0,3,1,21
20,0,3,1,21
20,0,3,1,21
20,0,2,1,21
20,0,2,1,21
20,0,2,1,21
20,0,2,1,21
20,0,2,1,21
20,0,2,1,21
20,0,2,1,21
20,0,2,1,21
21,1,4,1,21
21,0,4,1,21
21,0,4,1,21
21,0,4,1,21
21,0,4,1,21
21,1,3,1,21
21,1,3,1,21
21,0,3,1,21
21,0,3,1,21
21,0,3,1,21
21,1,4,0,21
21,1,4,0,21
21,1,4,0,21
21,1,4,0,21
21,1,4,0,21
21,1,4,0,21
21,0,4,0,21
21,0,4,0,21
21,0,4,0,21
21,0,4,0,21
21,0,4,0,21
21,0,4,0,21
21,0,4,0,21
21,0,4,0,21
21,0,4,0,21
21,1,3,0,21
21,1,3,0,21
21,1,3,0,21
21,1,3,0,21
21,1,3,0,21
21,0,3,0,21
21,0,3,0,21
21,0,3,0,21
21,0,3,0,21
21,0,3,0,21
21,0,3,0,21
21,0,3,0,21
21,0,3,0,21
21,0,3,0,21
21,0,3,0,21
21,0,3,0,21
21,0,2,0,21
21,0,2,0,21
21,0,2,0,21
22,1,4,1,21
22,1,4,1,21
22,1,4,1,21
23,1,5,1,21
23,0,4,1,21
23,1,5,0,21
23,1,5,0,21
23,1,5,0,21
23,1,5,0,21
23,0,5,0,21
23,0,5,0,21
23,1,4,0,21
23,1,4,0,21
23,1,4,0,21
23,1,4,0,21
23,0,4,0,21
23,0,4,0,21
23,0,4,0,21
23,0,4,0,21
23,0,3,0,21
23,1,2,0,21
24,1,5,1,21
24,1,5,0,21
24,1,5,0,21
24,1,4,0,21
24,1,4,0,21
24,1,4,0,21
24,1,2,0,21
24,0,2,0,21
24,0,2,0,21
25,0,5,1,21
25,1,5,0,21
25,1,4,0,21
25,1,4,0,21
25,1,4,0,21
25,1,4,0,21
25,1,4,0,21
25,0,4,0,21
25,0,4,0,21
25,1,3,0,21
25,0,3,0,21
25,0,3,0,21
25,1,2,0,21
18,0,1,1,23.5
18,0,1,1,23.5
18,0,1,1,23.5
18,0,2,0,23.5
18,1,1,0,23.5
18,0,1,0,23.5
18,0,1,0,23.5
18,0,1,0,23.5
18,0,1,0,23.5
18,0,1,0,23.5
18,0,1,0,23.5
18,0,1,0,23.5
18,0,1,0,23.5
18,0,1,0,23.5
19,1,2,1,23.5
19,0,2,1,23.5
19,0,1,1,23.5
19,0,1,1,23.5
20,1,4,1,23.5
20,0,4,1,23.5
20,1,3,1,23.5
20,0,3,1,23.5
20,0,3,1,23.5
20,0,2,1,23.5
20,0,2,1,23.5
21,1,4,1,23.5
21,1,4,1,23.5
21,1,4,1,23.5
21,1,4,1,23.5
21,0,4,1,23.5
21,0,4,1,23.5
21,0,4,1,23.5
21,0,4,1,23.5
21,1,3,1,23.5
21,1,3,1,23.5
21,0,3,1,23.5
21,1,2,1,23.5
21,0,5,0,23.5
21,1,4,0,23.5
21,1,4,0,23.5
21,1,4,0,23.5
21,1,4,0,23.5
21,1,4,0,23.5
21,1,4,0,23.5
21,1,4,0,23.5
21,1,4,0,23.5
21,1,4,0,23.5
21,1,4,0,23.5
21,1,4,0,23.5
21,0,4,0,23.5
21,0,4,0,23.5
21,0,4,0,23.5
21,0,4,0,23.5
21,0,4,0,23.5
21,0,4,0,23.5
21,0,4,0,23.5
21,0,4,0,23.5
21,0,4,0,23.5
21,0,4,0,23.5
21,0,4,0,23.5
21,0,4,0,23.5
21,0,4,0,23.5
21,0,4,0,23.5
21,0,4,0,23.5
21,0,4,0,23.5
21,0,4,0,23.5
21,1,3,0,23.5
21,1,3,0,23.5
21,1,3,0,23.5
21,1,3,0,23.5
21,1,3,0,23.5
21,1,3,0,23.5
21,1,3,0,23.5
21,1,3,0,23.5
21,1,3,0,23.5
21,0,3,0,23.5
21,0,3,0,23.5
21,0,3,0,23.5
21,0,3,0,23.5
21,0,3,0,23.5
21,0,3,0,23.5
21,0,3,0,23.5
21,0,3,0,23.5
21,0,3,0,23.5
21,0,3,0,23.5
21,0,3,0,23.5
21,0,3,0,23.5
21,0,3,0,23.5
21,0,3,0,23.5
21,0,3,0,23.5
21,0,3,0,23.5
21,0,3,0,23.5
21,0,3,0,23.5
21,0,3,0,23.5
21,0,3,0,23.5
21,0,3,0,23.5
21,0,3,0,23.5
21,0,3,0,23.5
21,0,3,0,23.5
21,1,2,0,23.5
21,0,2,0,23.5
21,0,2,0,23.5
21,0,2,0,23.5
21,0,2,0,23.5
22,1,4,1,23.5
22,0,4,1,23.5
22,0,4,1,23.5
22,1,3,1,23.5
22,0,3,1,23.5
23,1,5,1,23.5
23,1,4,1,23.5
23,1,5,0,23.5
23,1,5,0,23.5
23,1,5,0,23.5
23,1,5,0,23.5
23,1,5,0,23.5
23,1,5,0,23.5
23,1,5,0,23.5
23,1,5,0,23.5
23,1,5,0,23.5
23,1,5,0,23.5
23,0,5,0,23.5
23,1,4,0,23.5
23,1,4,0,23.5
23,0,4,0,23.5
23,0,4,0,23.5
23,0,4,0,23.5
23,0,4,0,23.5
23,0,3,0,23.5
23,0,3,0,23.5
24,0,5,1,23.5
24,1,5,0,23.5
24,0,5,0,23.5
24,0,5,0,23.5
24,1,4,0,23.5
24,0,1,0,23.5
25,1,5,0,23.5
25,0,5,0,23.5
25,0,5,0,23.5
25,1,4,0,23.5
25,1,4,0,23.5
25,0,4,0,23.5
25,0,4,0,23.5
25,0,4,0,23.5
25,1,3,0,23.5
25,0,3,0,23.5
25,0,3,0,23.5
18,1,1,1,25
18,0,1,1,25
18,0,1,1,25
18,1,1,0,25
18,1,1,0,25
18,1,1,0,25
18,1,1,0,25
18,1,1,0,25
18,1,1,0,25
18,1,1,0,25
18,1,1,0,25
18,0,1,0,25
18,0,1,0,25
18,0,1,0,25
18,0,1,0,25
18,0,1,0,25
18,0,1,0,25
18,0,1,0,25
18,0,1,0,25
18,0,1,0,25
19,1,2,1,25
19,1,2,1,25
19,1,2,1,25
19,1,1,1,25
19,0,1,1,25
19,0,1,1,25
20,0,3,1,25
20,0,3,1,25
20,1,2,1,25
20,1,2,1,25
20,1,2,1,25
20,0,2,1,25
20,0,2,1,25
21,0,5,1,25
21,1,4,1,25
21,0,3,1,25
21,1,2,1,25
21,1,4,0,25
21,1,4,0,25
21,1,4,0,25
21,1,4,0,25
21,1,4,0,25
21,0,4,0,25
21,0,4,0,25
21,0,4,0,25
21,1,3,0,25
21,1,3,0,25
21,1,3,0,25
21,1,3,0,25
21,1,3,0,25
21,1,3,0,25
21,0,3,0,25
21,0,3,0,25
21,0,2,0,25
21,0,2,0,25
22,0,4,1,25
23,1,5,0,25
23,0,4,0,25
24,1,5,0,25
24,1,5,0,25
24,0,5,0,25
25,1,5,0,25
25,1,5,0,25
25,1,5,0,25
25,1,4,0,25
25,1,4,0,25
25,1,4,0,25
25,1,4,0,25
25,1,4,0,25
25,1,3,0,25
25,1,3,0,25
25,1,1,0,25
18,1,1,1,29
18,1,1,0,29
18,1,1,0,29
18,1,1,0,29
18,1,1,0,29
18,1,1,0,29
18,0,1,0,29
18,0,1,0,29
18,0,1,0,29
19,1,1,1,29
20,1,3,1,29
20,1,2,1,29
20,0,2,1,29
21,0,4,0,29
21,1,3,0,29
21,1,3,0,29
21,1,3,0,29
22,0,4,1,29
22,0,4,1,29
23,1,4,0,29
23,1,3,0,29
23,1,2,0,29
23,1,2,0,29
24,1,2,0,29
25,1,5,0,29
25,1,5,0,29
25,1,4,0,29
25,1,4,0,29
25,1,2,0,29
18,0,1,1,30
18,1,1,0,30
19,1,2,1,30
19,1,2,1,30
19,0,1,1,30
19,0,1,1,30
20,0,3,1,30
20,0,3,1,30
20,1,2,1,30
20,0,2,1,30
20,0,2,1,30
21,1,4,1,30
21,0,4,1,30
21,0,4,1,30
21,0,4,1,30
21,1,3,1,30
21,0,3,1,30
21,0,5,0,30
21,1,4,0,30
21,1,4,0,30
21,1,4,0,30
21,0,4,0,30
21,0,4,0,30
21,0,4,0,30
21,0,4,0,30
21,0,4,0,30
21,0,4,0,30
21,0,4,0,30
21,0,4,0,30
21,0,4,0,30
21,0,4,0,30
21,0,4,0,30
21,0,4,0,30
21,0,4,0,30
21,0,4,0,30
21,0,4,0,30
21,0,4,0,30
21,1,3,0,30
21,1,3,0,30
21,1,3,0,30
21,1,3,0,30
21,1,3,0,30
21,1,3,0,30
21,0,3,0,30
21,0,3,0,30
21,0,3,0,30
21,0,3,0,30
21,0,3,0,30
22,1,4,1,30
22,1,4,1,30
22,0,4,1,30
22,0,4,1,30
23,1,5,1,30
23,1,5,1,30
23,0,5,1,30
23,1,5,0,30
23,1,5,0,30
23,1,5,0,30
23,0,5,0,30
23,0,5,0,30
23,0,5,0,30
23,1,4,0,30
23,1,4,0,30
23,0,4,0,30
23,1,3,0,30
23,0,3,0,30
23,1,2,0,30
24,0,3,1,30
24,0,5,0,30
24,0,5,0,30
24,1,4,0,30
24,0,4,0,30
24,0,3,0,30
25,1,5,1,30
25,0,4,0,30
25,1,3,0,30
25,0,1,0,30
18,0,2,0,30.5
21,0,3,1,30.5
21,1,4,0,30.5
21,0,4,0,30.5
21,0,4,0,30.5
21,0,3,0,30.5
22,0,3,1,30.5
23,1,5,1,30.5
23,0,4,0,30.5
23,0,3,0,30.5
24,0,3,0,30.5
24,0,1,0,30.5
18,1,1,1,31
18,0,1,1,31
18,0,1,1,31
18,0,1,1,31
18,0,1,1,31
18,0,1,1,31
18,0,1,1,31
18,0,1,1,31
18,0,1,1,31
18,1,1,0,31
18,1,1,0,31
18,0,1,0,31
18,0,1,0,31
18,0,1,0,31
18,0,1,0,31
18,0,1,0,31
18,0,1,0,31
18,0,1,0,31
18,0,1,0,31
18,0,1,0,31
18,0,1,0,31
18,0,1,0,31
18,0,1,0,31
18,0,1,0,31
18,0,1,0,31
18,0,1,0,31
18,0,1,0,31
18,0,1,0,31
18,0,1,0,31
18,0,1,0,31
18,0,1,0,31
18,0,1,0,31
18,0,1,0,31
19,1,2,1,31
19,0,2,1,31
19,0,2,1,31
19,0,2,1,31
19,0,2,1,31
19,0,2,1,31
19,0,2,1,31
19,1,1,1,31
19,1,1,1,31
19,0,1,1,31
20,0,3,1,31
20,0,3,1,31
20,0,3,1,31
20,0,3,1,31
20,0,3,1,31
20,0,3,1,31
20,0,3,1,31
20,0,3,1,31
20,0,2,1,31
20,0,2,1,31
20,0,2,1,31
20,0,2,1,31
21,1,4,1,31
21,1,4,1,31
21,1,4,1,31
21,0,4,1,31
21,0,4,1,31
21,0,4,1,31
21,0,4,1,31
21,1,3,1,31
21,1,3,1,31
21,1,3,1,31
21,1,3,1,31
21,0,3,1,31
21,0,3,1,31
21,0,3,1,31
21,0,3,1,31
21,0,3,1,31
21,0,2,1,31
21,1,4,0,31
21,1,4,0,31
21,1,4,0,31
21,1,4,0,31
21,1,4,0,31
21,1,4,0,31
21,1,4,0,31
21,1,4,0,31
21,1,4,0,31
21,1,4,0,31
21,1,4,0,31
21,0,4,0,31
21,0,4,0,31
21,0,4,0,31
21,0,4,0,31
21,0,4,0,31
21,0,4,0,31
21,0,4,0,31
21,0,4,0,31
21,0,4,0,31
21,0,4,0,31
21,0,4,0,31
21,0,4,0,31
21,0,4,0,31
21,0,4,0,31
21,0,4,0,31
21,0,4,0,31
21,0,4,0,31
21,0,4,0,31
21,0,4,0,31
21,0,4,0,31
21,0,4,0,31
21,1,3,0,31
21,1,3,0,31
21,1,3,0,31
21,1,3,0,31
21,1,3,0,31
21,1,3,0,31
21,1,3,0,31
21,1,3,0,31
21,1,3,0,31
21,1,3,0,31
21,0,3,0,31
21,0,3,0,31
21,0,3,0,31
21,0,3,0,31
21,0,3,0,31
21,0,3,0,31
21,0,3,0,31
21,0,3,0,31
21,0,3,0,31
21,0,3,0,31
21,1,2,0,31
21,0,2,0,31
21,0,2,0,31
21,0,2,0,31
22,1,4,1,31
22,1,4,1,31
22,0,4,1,31
22,0,4,1,31
22,0,3,1,31
23,1,4,1,31
23,1,4,1,31
23,1,4,1,31
23,0,4,1,31
23,1,5,0,31
23,1,5,0,31
23,1,5,0,31
23,1,5,0,31
23,0,5,0,31
23,0,4,0,31
23,0,4,0,31
23,0,4,0,31
23,1,3,0,31
23,0,3,0,31
23,1,2,0,31
24,1,3,1,31
24,0,5,0,31
24,0,4,0,31
24,0,3,0,31
25,0,5,1,31
25,1,5,0,31
25,0,5,0,31
25,0,5,0,31
25,0,4,0,31
25,1,3,0,31
25,0,3,0,31
18,1,1,0,33
18,0,1,0,33
20,0,3,1,33
21,1,4,0,33
21,1,3,0,33
21,1,3,0,33
21,0,3,0,33
23,1,3,1,33
23,1,5,0,33
23,0,5,0,33
23,1,2,0,33
24,1,5,0,33
25,1,5,1,33
25,0,2,0,33
25,1,1,0,33
18,1,1,0,37
18,0,1,0,37
19,1,1,1,37
19,0,1,1,37
21,1,4,0,37
21,1,3,0,37
21,1,3,0,37
21,1,3,0,37
21,0,3,0,37
21,1,2,0,37
22,1,5,1,37
22,1,3,1,37
23,1,5,0,37
23,1,5,0,37
24,0,5,0,37
24,1,3,0,37
25,1,5,0,37
25,1,5,0,37
25,1,4,0,37
25,1,3,0,37
18,1,1,0,38.5
18,1,1,0,38.5
18,1,1,0,38.5
18,0,1,0,38.5
18,0,1,0,38.5
18,0,1,0,38.5
18,0,1,0,38.5
18,0,1,0,38.5
18,0,1,0,38.5
18,0,1,0,38.5
18,0,1,0,38.5
18,0,1,0,38.5
18,0,1,0,38.5
18,0,1,0,38.5
18,0,1,0,38.5
19,1,2,1,38.5
19,1,2,1,38.5
19,1,2,1,38.5
19,0,2,1,38.5
19,0,2,1,38.5
19,1,1,1,38.5
19,0,1,1,38.5
19,0,1,1,38.5
19,0,1,1,38.5
20,1,3,1,38.5
20,0,3,1,38.5
20,1,2,1,38.5
20,1,2,1,38.5
20,1,2,1,38.5
20,0,2,1,38.5
20,0,2,1,38.5
21,1,4,1,38.5
21,0,4,1,38.5
21,0,4,1,38.5
21,0,4,1,38.5
21,0,4,1,38.5
21,0,4,1,38.5
21,1,3,1,38.5
21,0,3,1,38.5
21,0,3,1,38.5
21,1,4,0,38.5
21,1,4,0,38.5
21,1,4,0,38.5
21,1,4,0,38.5
21,0,4,0,38.5
21,0,4,0,38.5
21,0,4,0,38.5
21,0,4,0,38.5
21,0,4,0,38.5
21,0,4,0,38.5
21,0,4,0,38.5
21,0,4,0,38.5
21,0,4,0,38.5
21,0,4,0,38.5
21,0,4,0,38.5
21,0,4,0,38.5
21,1,3,0,38.5
21,1,3,0,38.5
21,1,3,0,38.5
21,1,3,0,38.5
21,1,3,0,38.5
21,1,3,0,38.5
21,0,3,0,38.5
21,0,3,0,38.5
21,0,3,0,38.5
21,0,3,0,38.5
21,0,3,0,38.5
21,0,3,0,38.5
21,0,3,0,38.5
21,0,3,0,38.5
21,0,3,0,38.5
21,0,3,0,38.5
21,0,3,0,38.5
21,0,3,0,38.5
21,0,3,0,38.5
21,0,3,0,38.5
22,0,4,1,38.5
22,0,4,1,38.5
22,1,4,0,38.5
22,1,4,0,38.5
22,1,4,0,38.5
22,1,4,0,38.5
22,0,4,0,38.5
22,0,4,0,38.5
22,0,3,0,38.5
23,1,5,1,38.5
23,1,5,1,38.5
23,0,5,1,38.5
23,0,5,1,38.5
23,1,4,1,38.5
23,1,5,0,38.5
23,1,5,0,38.5
23,0,5,0,38.5
23,0,5,0,38.5
23,1,4,0,38.5
23,0,4,0,38.5
23,1,3,0,38.5
23,1,3,0,38.5
23,1,3,0,38.5
23,1,2,0,38.5
23,1,1,0,38.5
24,1,3,1,38.5
24,0,5,0,38.5
24,0,5,0,38.5
25,1,4,0,38.5
25,1,3,0,38.5
25,0,3,0,38.5
25,0,3,0,38.5
25,1,2,0,38.5
19,1,2,1,41
23,1,5,0,41
18,1,1,0,44.5
18,0,1,0,44.5
18,0,1,0,44.5
18,0,1,0,44.5
18,0,1,0,44.5
19,0,2,1,44.5
19,0,2,1,44.5
19,1,1,1,44.5
19,1,1,1,44.5
19,0,1,1,44.5
20,1,3,1,44.5
20,0,3,1,44.5
20,0,3,1,44.5
20,0,2,1,44.5
21,1,4,1,44.5
21,1,4,1,44.5
21,1,4,1,44.5
21,1,4,1,44.5
21,0,4,1,44.5
21,1,3,1,44.5
21,1,3,1,44.5
21,1,3,1,44.5
21,0,3,1,44.5
21,0,3,1,44.5
21,0,3,1,44.5
21,0,5,0,44.5
21,1,4,0,44.5
21,1,4,0,44.5
21,1,4,0,44.5
21,0,4,0,44.5
21,0,4,0,44.5
21,0,4,0,44.5
21,0,4,0,44.5
21,0,4,0,44.5
21,0,4,0,44.5
21,0,4,0,44.5
21,0,4,0,44.5
21,0,4,0,44.5
21,0,4,0,44.5
21,0,4,0,44.5
21,0,4,0,44.5
21,0,4,0,44.5
21,0,4,0,44.5
21,0,4,0,44.5
21,1,3,0,44.5
21,1,3,0,44.5
21,1,3,0,44.5
21,1,3,0,44.5
21,1,3,0,44.5
21,1,3,0,44.5
21,1,3,0,44.5
21,0,3,0,44.5
21,0,3,0,44.5
21,0,3,0,44.5
21,0,3,0,44.5
21,1,2,0,44.5
21,0,2,0,44.5
21,0,2,0,44.5
21,0,1,0,44.5
22,0,4,1,44.5
22,0,4,1,44.5
22,0,5,0,44.5
22,0,5,0,44.5
22,1,4,0,44.5
22,1,4,0,44.5
22,1,4,0,44.5
22,1,4,0,44.5
22,1,4,0,44.5
22,1,4,0,44.5
22,1,4,0,44.5
22,1,4,0,44.5
22,1,4,0,44.5
22,1,4,0,44.5
22,0,4,0,44.5
22,0,4,0,44.5
22,0,4,0,44.5
22,0,4,0,44.5
22,0,4,0,44.5
22,0,4,0,44.5
22,0,4,0,44.5
22,0,4,0,44.5
22,1,3,0,44.5
22,1,3,0,44.5
22,0,3,0,44.5
22,0,1,0,44.5
23,1,5,1,44.5
23,1,5,0,44.5
23,1,5,0,44.5
23,1,5,0,44.5
23,0,5,0,44.5
23,0,5,0,44.5
23,0,5,0,44.5
23,1,4,0,44.5
23,1,4,0,44.5
23,0,4,0,44.5
23,0,4,0,44.5
23,0,4,0,44.5
23,0,3,0,44.5
23,0,2,0,44.5
24,1,5,1,44.5
24,0,4,0,44.5
24,0,4,0,44.5
24,0,3,0,44.5
25,1,5,0,44.5
25,1,5,0,44.5
25,1,5,0,44.5
25,0,5,0,44.5
25,1,4,0,44.5
25,1,4,0,44.5
25,0,4,0,44.5
25,1,3,0,44.5
25,0,3,0,44.5
18,0,1,1,46
18,0,1,1,46
18,1,1,0,46
18,1,1,0,46
18,1,1,0,46
18,1,1,0,46
18,1,1,0,46
18,0,1,0,46
18,0,1,0,46
18,0,1,0,46
18,0,1,0,46
18,0,1,0,46
18,0,1,0,46
18,0,1,0,46
18,0,1,0,46
18,0,1,0,46
18,0,1,0,46
19,1,2,1,46
19,0,2,1,46
19,0,2,1,46
19,1,1,1,46
19,0,1,1,46
19,0,1,1,46
20,1,3,1,46
20,1,3,1,46
20,1,3,1,46
20,1,3,1,46
20,0,3,1,46
20,1,2,1,46
20,1,2,1,46
20,1,2,1,46
20,0,2,1,46
20,0,2,1,46
20,0,2,1,46
20,0,2,1,46
20,0,2,1,46
20,0,2,1,46
20,0,2,1,46
21,0,4,1,46
21,0,4,1,46
21,1,3,1,46
21,1,3,1,46
21,1,3,1,46
21,1,3,1,46
21,0,3,1,46
21,0,3,1,46
21,0,3,1,46
21,1,4,0,46
21,0,4,0,46
21,0,4,0,46
21,0,4,0,46
21,1,3,0,46
21,1,3,0,46
21,1,3,0,46
21,1,3,0,46
21,0,3,0,46
21,0,3,0,46
21,0,3,0,46
21,0,3,0,46
21,0,3,0,46
21,0,3,0,46
21,0,3,0,46
22,1,4,1,46
22,0,4,1,46
22,1,3,1,46
22,1,5,0,46
22,1,5,0,46
22,1,4,0,46
22,1,4,0,46
22,0,4,0,46
22,0,4,0,46
22,0,4,0,46
22,0,4,0,46
22,0,4,0,46
22,1,3,0,46
22,1,3,0,46
22,1,3,0,46
23,1,5,1,46
23,1,5,0,46
23,0,5,0,46
23,0,5,0,46
23,0,4,0,46
23,0,2,0,46
24,0,5,0,46
24,1,4,0,46
24,1,4,0,46
24,1,1,0,46
25,0,5,1,46
25,1,2,1,46
25,1,5,0,46
25,1,5,0,46
25,1,5,0,46
25,1,3,0,46
25,0,1,0,46
18,1,1,1,53.5
18,1,1,1,53.5
18,1,1,0,53.5
18,1,1,0,53.5
18,0,1,0,53.5
18,0,1,0,53.5
18,0,1,0,53.5
18,0,1,0,53.5
19,1,2,1,53.5
19,1,2,1,53.5
20,1,3,1,53.5
20,0,3,1,53.5
20,0,3,1,53.5
20,0,3,1,53.5
21,0,3,1,53.5
21,0,3,1,53.5
21,0,4,0,53.5
21,1,3,0,53.5
21,1,3,0,53.5
21,1,3,0,53.5
21,0,3,0,53.5
21,1,2,0,53.5
21,1,2,0,53.5
22,1,2,1,53.5
22,0,5,0,53.5
22,0,5,0,53.5
22,1,4,0,53.5
22,1,4,0,53.5
22,1,2,0,53.5
22,1,2,0,53.5
22,1,1,0,53.5
23,0,5,1,53.5
24,1,5,1,53.5
24,0,4,0,53.5
25,1,4,0,53.5
18,0,1,1,59
18,1,1,0,59
18,0,1,0,59
18,0,1,0,59
18,0,1,0,59
18,0,1,0,59
18,0,1,0,59
18,0,1,0,59
19,0,2,1,59
19,0,2,1,59
19,0,2,1,59
19,1,1,1,59
19,0,1,1,59
19,0,1,1,59
19,0,1,1,59
19,0,1,1,59
20,1,3,1,59
20,1,3,1,59
20,0,3,1,59
20,0,3,1,59
20,0,3,1,59
20,1,2,1,59
20,0,2,1,59
20,0,2,1,59
20,0,2,1,59
20,0,2,1,59
21,1,4,1,59
21,1,4,1,59
21,0,4,1,59
21,0,4,1,59
21,1,3,1,59
21,1,3,1,59
21,1,3,1,59
21,0,3,1,59
21,0,3,1,59
21,0,3,1,59
21,1,4,0,59
21,1,4,0,59
21,0,4,0,59
21,0,4,0,59
21,0,4,0,59
21,0,4,0,59
21,0,4,0,59
21,0,4,0,59
21,0,4,0,59
21,0,4,0,59
21,0,4,0,59
21,0,4,0,59
21,0,4,0,59
21,1,3,0,59
21,1,3,0,59
21,1,3,0,59
21,1,3,0,59
21,1,3,0,59
21,1,3,0,59
21,1,3,0,59
21,0,3,0,59
21,0,3,0,59
21,0,3,0,59
21,0,3,0,59
21,0,3,0,59
21,0,3,0,59
21,0,3,0,59
21,0,3,0,59
21,0,3,0,59
21,0,3,0,59
21,0,3,0,59
21,0,3,0,59
21,0,3,0,59
21,1,2,0,59
21,0,1,0,59
22,1,4,1,59
22,1,4,1,59
22,1,4,1,59
22,0,4,1,59
22,0,4,1,59
22,0,4,1,59
22,0,4,1,59
22,0,3,1,59
22,1,5,0,59
22,0,5,0,59
22,0,5,0,59
22,0,5,0,59
22,1,4,0,59
22,1,4,0,59
22,1,4,0,59
22,1,4,0,59
22,1,4,0,59
22,0,4,0,59
22,0,4,0,59
22,0,4,0,59
22,0,4,0,59
22,0,4,0,59
22,0,4,0,59
22,1,3,0,59
22,1,3,0,59
22,0,3,0,59
22,0,3,0,59
23,0,5,1,59
23,0,5,1,59
23,1,5,0,59
23,1,5,0,59
23,1,5,0,59
23,1,5,0,59
23,0,5,0,59
23,0,4,0,59
23,1,3,0,59
23,1,3,0,59
24,1,5,1,59
24,0,5,0,59
24,0,3,0,59
24,0,3,0,59
25,1,4,1,59
25,0,4,1,59
25,1,5,0,59
25,1,5,0,59
25,0,5,0,59
25,0,5,0,59
18,0,1,0,60
18,0,1,0,60
19,0,2,1,60
20,1,2,1,60
21,0,3,1,60
21,1,4,0,60
21,0,4,0,60
21,1,3,0,60
21,1,3,0,60
21,0,3,0,60
21,0,3,0,60
21,0,3,0,60
22,0,4,1,60
22,1,5,0,60
22,0,5,0,60
22,0,5,0,60
22,1,4,0,60
22,1,4,0,60
22,1,4,0,60
22,1,4,0,60
22,0,4,0,60
22,0,4,0,60
23,0,5,0,60
23,0,4,0,60
23,1,1,0,60
24,1,3,0,60
24,0,3,0,60
25,0,5,0,60
25,0,4,0,60
25,0,4,0,60
25,1,3,0,60
25,0,3,0,60
25,0,3,0,60
18,0,1,1,61
18,1,1,0,61
18,1,1,0,61
18,1,1,0,61
18,1,1,0,61
18,1,1,0,61
18,0,1,0,61
19,1,2,1,61
19,1,2,1,61
19,1,1,1,61
19,1,1,1,61
19,1,1,1,61
19,0,1,1,61
20,1,2,1,61
20,1,2,1,61
20,1,2,1,61
20,1,2,1,61
20,0,2,1,61
20,0,2,1,61
21,1,3,1,61
21,1,3,1,61
21,1,3,1,61
21,0,4,0,61
21,0,4,0,61
21,1,3,0,61
21,1,3,0,61
21,1,3,0,61
21,0,3,0,61
22,1,4,1,61
22,1,5,0,61
22,0,5,0,61
22,1,4,0,61
22,0,4,0,61
22,0,4,0,61
23,0,4,0,61
25,1,5,0,61
25,1,4,0,61
18,1,1,1,68.5
18,0,1,1,68.5
18,1,2,0,68.5
18,1,1,0,68.5
18,1,1,0,68.5
18,1,1,0,68.5
18,1,1,0,68.5
18,1,1,0,68.5
18,1,1,0,68.5
18,1,1,0,68.5
18,1,1,0,68.5
18,0,1,0,68.5
18,0,1,0,68.5
18,0,1,0,68.5
19,1,2,1,68.5
19,1,1,1,68.5
19,1,1,1,68.5
19,1,1,1,68.5
20,1,2,1,68.5
20,1,2,1,68.5
20,1,2,1,68.5
20,0,2,1,68.5
20,0,2,1,68.5
21,1,4,1,68.5
21,1,3,1,68.5
21,1,3,1,68.5
21,1,4,0,68.5
21,1,4,0,68.5
21,1,4,0,68.5
21,1,4,0,68.5
21,0,4,0,68.5
21,1,3,0,68.5
21,1,3,0,68.5
21,1,3,0,68.5
21,1,3,0,68.5
21,1,3,0,68.5
21,1,3,0,68.5
21,1,3,0,68.5
21,1,2,0,68.5
22,1,4,1,68.5
22,1,4,0,68.5
22,1,3,0,68.5
22,1,3,0,68.5
23,1,5,1,68.5
23,1,3,1,68.5
23,1,5,0,68.5
23,0,5,0,68.5
23,1,4,0,68.5
23,0,4,0,68.5
24,1,5,1,68.5
24,1,5,1,68.5
24,1,5,0,68.5
25,1,3,0,68.5
25,0,3,0,68.5
18,1,1,1,73.5
18,1,1,1,73.5
18,1,1,1,73.5
18,1,1,1,73.5
18,1,1,1,73.5
18,1,2,0,73.5
18,1,1,0,73.5
18,1,1,0,73.5
18,0,1,0,73.5
18,0,1,0,73.5
18,0,1,0,73.5
18,0,1,0,73.5
18,0,1,0,73.5
18,0,1,0,73.5
18,0,1,0,73.5
18,0,1,0,73.5
18,0,1,0,73.5
18,0,1,0,73.5
18,0,1,0,73.5
19,1,2,1,73.5
19,1,2,1,73.5
19,1,2,1,73.5
19,1,2,1,73.5
19,0,2,1,73.5
19,0,2,1,73.5
19,0,2,1,73.5
19,0,1,1,73.5
19,0,1,1,73.5
19,0,1,1,73.5
19,0,1,1,73.5
19,0,1,1,73.5
20,0,3,1,73.5
20,0,3,1,73.5
20,0,3,1,73.5
20,1,2,1,73.5
20,0,2,1,73.5
20,0,2,1,73.5
20,0,2,1,73.5
20,0,2,1,73.5
20,0,2,1,73.5
21,1,4,1,73.5
21,0,4,1,73.5
21,0,4,1,73.5
21,1,3,1,73.5
21,0,3,1,73.5
21,0,3,1,73.5
21,0,3,1,73.5
21,0,3,1,73.5
21,0,3,1,73.5
21,1,2,1,73.5
21,0,2,1,73.5
21,1,4,0,73.5
21,0,4,0,73.5
21,0,4,0,73.5
21,0,4,0,73.5
21,0,4,0,73.5
21,0,4,0,73.5
21,0,4,0,73.5
21,0,4,0,73.5
21,0,4,0,73.5
21,0,4,0,73.5
21,0,4,0,73.5
21,0,4,0,73.5
21,0,4,0,73.5
21,1,3,0,73.5
21,1,3,0,73.5
21,1,3,0,73.5
21,1,3,0,73.5
21,1,3,0,73.5
21,1,3,0,73.5
21,1,3,0,73.5
21,1,3,0,73.5
21,1,3,0,73.5
21,1,3,0,73.5
21,1,3,0,73.5
21,1,3,0,73.5
21,0,3,0,73.5
21,0,3,0,73.5
21,0,3,0,73.5
21,0,3,0,73.5
21,0,3,0,73.5
21,0,3,0,73.5
21,0,3,0,73.5
21,0,3,0,73.5
21,0,3,0,73.5
22,1,5,1,73.5
22,1,4,1,73.5
22,1,4,1,73.5
22,1,4,1,73.5
22,0,4,1,73.5
22,1,5,0,73.5
22,1,5,0,73.5
22,1,5,0,73.5
22,1,4,0,73.5
22,1,4,0,73.5
22,1,4,0,73.5
22,1,4,0,73.5
22,1,4,0,73.5
22,1,4,0,73.5
22,1,4,0,73.5
22,1,4,0,73.5
22,1,4,0,73.5
22,0,4,0,73.5
22,0,4,0,73.5
22,0,4,0,73.5
22,0,4,0,73.5
22,0,4,0,73.5
22,0,4,0,73.5
22,0,4,0,73.5
22,0,4,0,73.5
22,1,3,0,73.5
22,0,3,0,73.5
23,1,5,0,73.5
23,0,5,0,73.5
23,0,5,0,73.5
23,0,5,0,73.5
23,1,4,0,73.5
23,0,4,0,73.5
23,0,3,0,73.5
23,0,3,0,73.5
23,0,3,0,73.5
24,1,5,1,73.5
24,1,5,1,73.5
24,0,5,0,73.5
24,1,3,0,73.5
24,0,3,0,73.5
24,0,2,0,73.5
25,1,4,1,73.5
25,0,4,1,73.5
25,0,5,0,73.5
25,1,4,0,73.5
25,0,4,0,73.5
25,1,3,0,73.5
25,0,3,0,73.5
25,0,3,0,73.5
24,0,5,0,81
18,1,2,1,88
18,0,2,1,88
18,1,1,1,88
18,1,1,1,88
18,0,1,1,88
18,0,1,1,88
18,0,1,1,88
18,0,1,1,88
18,0,1,1,88
19,0,2,1,88
19,0,2,1,88
19,1,1,1,88
19,1,1,1,88
19,1,1,1,88
19,0,1,1,88
19,0,1,1,88
19,0,1,1,88
19,0,1,1,88
19,0,1,1,88
19,0,1,1,88
19,0,1,1,88
20,1,3,1,88
20,0,3,1,88
20,0,3,1,88
20,0,3,1,88
20,0,3,1,88
20,1,2,1,88
20,0,2,1,88
20,0,2,1,88
21,0,4,1,88
21,0,4,1,88
21,0,4,1,88
21,1,3,1,88
21,1,3,1,88
21,1,3,1,88
21,1,3,1,88
21,1,3,1,88
21,1,3,1,88
21,0,3,1,88
21,0,3,1,88
21,0,3,1,88
21,0,3,1,88
21,1,4,0,88
21,1,4,0,88
21,0,4,0,88
21,1,3,0,88
21,1,3,0,88
21,1,3,0,88
21,0,3,0,88
21,1,2,0,88
21,0,2,0,88
22,1,5,1,88
22,1,5,1,88
22,1,4,1,88
22,1,4,1,88
22,1,4,1,88
22,0,4,1,88
22,0,4,1,88
22,0,4,1,88
22,0,4,1,88
22,0,5,0,88
22,1,4,0,88
22,0,4,0,88
22,0,4,0,88
22,0,4,0,88
22,1,3,0,88
22,1,3,0,88
23,1,3,1,88
23,1,5,0,88
23,1,5,0,88
23,1,4,0,88
23,1,4,0,88
23,1,3,0,88
25,1,5,1,88
18,1,1,1,89.5
18,0,1,1,89.5
21,1,4,0,89.5
21,1,4,0,89.5
21,0,4,0,89.5
21,0,4,0,89.5
21,1,3,0,89.5
21,1,3,0,89.5
21,1,3,0,89.5
21,1,3,0,89.5
21,1,3,0,89.5
21,1,3,0,89.5
21,0,3,0,89.5
22,1,5,1,89.5
22,0,5,1,89.5
22,1,4,1,89.5
22,0,4,1,89.5
22,0,5,0,89.5
23,1,5,0,89.5
23,1,3,0,89.5
24,1,4,1,89.5
24,0,5,0,89.5
25,1,5,1,89.5
25,0,5,0,89.5
25,1,4,0,89.5
25,1,4,0,89.5
25,0,4,0,89.5
25,1,3,0,89.5
25,0,3,0,89.5
25,0,3,0,89.5
18,0,2,1,102.5
18,1,1,1,102.5
18,1,1,1,102.5
18,1,1,1,102.5
18,0,1,1,102.5
18,0,1,1,102.5
18,0,1,1,102.5
19,0,2,1,102.5
19,1,1,1,102.5
19,1,1,1,102.5
19,1,1,1,102.5
19,1,1,1,102.5
19,0,1,1,102.5
19,0,1,1,102.5
20,1,2,1,102.5
20,0,2,1,102.5
20,0,2,1,102.5
21,0,4,1,102.5
21,0,4,1,102.5
21,0,3,1,102.5
21,0,3,1,102.5
21,0,3,1,102.5
21,1,4,0,102.5
21,1,4,0,102.5
21,0,4,0,102.5
21,0,4,0,102.5
21,0,4,0,102.5
21,0,4,0,102.5
21,1,3,0,102.5
21,1,3,0,102.5
21,1,3,0,102.5
21,1,3,0,102.5
21,1,3,0,102.5
21,1,3,0,102.5
21,0,3,0,102.5
21,0,3,0,102.5
21,0,3,0,102.5
22,1,4,1,102.5
22,1,4,1,102.5
22,1,4,1,102.5
22,1,4,1,102.5
22,0,4,1,102.5
22,1,4,0,102.5
22,1,4,0,102.5
22,1,4,0,102.5
22,0,4,0,102.5
22,0,4,0,102.5
22,0,4,0,102.5
22,1,2,0,102.5
23,1,5,1,102.5
23,1,4,1,102.5
23,1,5,0,102.5
23,1,4,0,102.5
23,1,4,0,102.5
24,1,5,0,102.5
24,0,5,0,102.5
25,1,4,1,102.5
25,1,5,0,102.5
25,1,3,0,102.5
18,0,2,1,117
18,1,1,1,117
18,1,1,1,117
18,1,1,1,117
18,0,1,1,117
18,0,1,1,117
18,0,1,1,117
18,0,1,1,117
18,0,1,1,117
18,0,1,1,117
18,0,1,1,117
18,0,1,1,117
19,1,2,1,117
19,1,2,1,117
19,1,2,1,117
19,0,2,1,117
19,0,2,1,117
19,0,2,1,117
19,0,2,1,117
19,0,2,1,117
19,0,2,1,117
19,0,2,1,117
19,1,1,1,117
19,1,1,1,117
19,1,1,1,117
19,1,1,1,117
19,1,1,1,117
19,1,1,1,117
19,1,1,1,117
19,0,1,1,117
19,0,1,1,117
19,0,1,1,117
19,0,1,1,117
20,1,3,1,117
20,1,2,1,117
20,1,1,1,117
21,1,4,1,117
21,0,4,1,117
21,1,3,1,117
21,0,3,1,117
21,1,2,1,117
21,1,4,0,117
21,1,4,0,117
21,1,4,0,117
21,1,4,0,117
21,1,4,0,117
21,0,4,0,117
21,0,4,0,117
21,1,3,0,117
21,1,3,0,117
21,1,3,0,117
21,1,3,0,117
21,1,3,0,117
21,1,3,0,117
21,0,3,0,117
21,0,3,0,117
21,0,3,0,117
21,0,3,0,117
21,1,2,0,117
22,0,4,1,117
22,1,5,0,117
22,1,5,0,117
22,1,5,0,117
22,1,4,0,117
22,1,4,0,117
22,1,4,0,117
22,1,4,0,117
22,1,4,0,117
22,1,4,0,117
22,0,4,0,117
22,1,3,0,117
22,1,3,0,117
22,1,2,0,117
22,1,2,0,117
23,1,5,0,117
23,1,5,0,117
23,1,5,0,117
24,1,5,0,117
24,1,5,0,117
24,1,3,0,117
25,1,4,0,117
18,0,1,1,119
19,1,2,1,119
19,0,2,1,119
19,1,1,1,119
19,1,1,1,119
21,0,4,1,119
21,0,3,1,119
21,1,4,0,119
21,1,4,0,119
21,1,4,0,119
21,0,4,0,119
21,1,3,0,119
21,1,3,0,119
21,1,3,0,119
21,1,3,0,119
21,0,3,0,119
21,0,2,0,119
22,1,4,1,119
22,1,4,1,119
22,1,5,0,119
22,0,5,0,119
22,1,4,0,119
22,1,4,0,119
22,0,4,0,119
22,0,4,0,119
23,1,5,0,119
23,1,5,0,119
23,0,5,0,119
23,0,5,0,119
23,1,3,0,119
25,1,4,1,119
25,1,5,0,119
25,1,3,0,119
25,0,3,0,121
18,1,1,1,131.5
18,1,1,1,131.5
18,1,1,1,131.5
18,1,1,1,131.5
18,1,1,1,131.5
18,1,1,1,131.5
18,0,1,1,131.5
19,1,2,1,131.5
19,1,2,1,131.5
19,1,2,1,131.5
19,1,2,1,131.5
19,1,2,1,131.5
19,1,2,1,131.5
19,1,2,1,131.5
19,1,1,1,131.5
19,1,1,1,131.5
19,1,1,1,131.5
19,1,1,1,131.5
19,1,1,1,131.5
19,1,1,1,131.5
19,1,1,1,131.5
19,1,1,1,131.5
19,0,1,1,131.5
19,0,1,1,131.5
20,1,3,1,131.5
20,1,3,1,131.5
20,1,3,1,131.5
20,1,3,1,131.5
20,1,2,1,131.5
20,1,2,1,131.5
20,1,2,1,131.5
20,1,2,1,131.5
20,1,2,1,131.5
21,1,4,1,131.5
21,1,4,1,131.5
21,0,4,1,131.5
21,1,3,1,131.5
21,1,3,1,131.5
21,1,3,1,131.5
21,0,4,0,131.5
21,1,3,0,131.5
21,1,3,0,131.5
21,1,3,0,131.5
22,1,4,1,131.5
22,1,4,1,131.5
22,1,4,1,131.5
22,1,4,1,131.5
22,1,4,0,131.5
23,1,5,1,131.5
23,1,2,1,131.5
23,1,4,0,131.5
20,0,3,1,148.5
21,0,4,1,148.5
21,1,3,1,148.5
21,1,3,1,148.5
21,0,3,1,148.5
18,1,1,1,178
19,1,2,1,178
19,0,2,1,178
19,0,1,1,178
20,1,2,1,178
21,1,4,1,178
21,1,4,1,178
21,0,4,1,178
21,0,3,1,178
22,1,5,1,178
22,0,4,1,178
23,1,5,1,178
23,1,5,1,178
20,0,2,1,207.5
21,1,3,1,207.5
19,0,1,1,237
19,0,1,1,237
22,1,4,1,237
22,0,4,1,237
23,1,4,1,237
23,1,4,1,237
23,1,3,1,237
20,0,3,1,241
21,1,4,1,241
21,0,3,1,241
24,1,5,1,241
19,1,2,1,266.5
19,1,2,1,266.5
20,0,3,1,266.5
20,1,2,1,266.5
20,0,2,1,266.5
21,1,4,1,266.5
21,0,3,1,266.5
22,1,4,1,266.5
22,1,4,1,266.5
23,1,3,1,266.5
20,0,2,1,281
20,1,3,1,321
20,0,2,1,321
19,1,2,1,361
19,1,1,1,361
20,1,2,1,361
20,1,2,1,361
21,1,3,1,361
25,1,1,1,361