ID,Int,Time,Happ
1,M,BL,3.907085895
2,M,BL,1.765913312
3,M,BL,2.184702218
4,M,BL,2.014152846
5,M,BL,1.980808884
6,M,BL,2.431523379
7,M,BL,2.964648313
8,M,BL,3.524655115
9,M,BL,1.957016299
10,M,BL,1.584734229
11,M,BL,3.799127095
12,M,BL,3.543823846
13,M,BL,2.338746136
14,M,BL,2.067658415
15,M,BL,3.684168299
16,M,BL,4.043211546
17,M,BL,0.936983686
18,M,BL,3.03954471
19,M,BL,3.511312799
20,M,BL,2.864292809
21,M,BL,3.390915777
22,M,BL,3.458906224
23,M,BL,3.823209354
24,M,BL,3.564383985
25,M,BL,2.957678972
26,M,BL,3.390650307
27,M,BL,3.151253934
28,M,BL,2.705725852
29,M,BL,2.349123172
30,M,BL,2.848352018
31,M,BL,2.074856725
32,M,BL,4.025130066
33,M,BL,3.817109398
34,M,BL,1.794852646
35,M,BL,3.629179171
36,M,BL,2.655178284
37,M,BL,2.258324991
38,M,BL,3.058131422
39,M,BL,2.742968026
40,M,BL,4.013505299
41,M,BL,2.416914244
42,M,BL,2.333074366
43,M,BL,3.486658968
44,M,BL,1.46395413
45,M,BL,1.923059101
46,M,BL,2.750286409
47,M,BL,1.300581867
48,M,BL,3.049884909
49,M,BL,1.216774305
50,M,BL,3.793478439
51,M,BL,3.326855193
52,M,BL,3.543712485
53,M,BL,2.754691584
54,M,BL,2.335480132
55,M,BL,2.351491393
56,M,BL,3.529264292
57,M,BL,3.546410991
58,M,BL,3.818045031
59,M,BL,2.860591233
60,M,BL,1.483523377
61,M,BL,2.54629016
62,M,BL,2.575065345
63,M,BL,3.1124244
64,M,BL,3.801025098
65,M,BL,2.333849209
66,M,BL,3.642642601
67,M,BL,3.178176021
68,M,BL,4.203443572
69,M,BL,2.022008599
70,M,BL,1.858857799
71,M,BL,3.280919731
72,M,BL,3.854175637
73,M,BL,2.350036318
74,M,BL,2.661294505
75,M,BL,2.195178606
76,M,BL,2.460816823
77,M,BL,1.814700012
78,M,BL,2.621199415
79,M,BL,3.097845385
80,M,BL,3.487807068
81,M,BL,3.09973929
82,M,BL,3.001046955
83,M,BL,1.978117389
84,M,BL,3.030479723
85,M,BL,1.835982125
86,M,BL,3.084383377
87,M,BL,2.806708334
88,M,BL,1.875501814
89,M,BL,2.945907651
90,M,BL,3.528188102
91,M,BL,2.846848348
92,M,BL,2.683292353
93,M,BL,3.128792279
94,M,BL,1.455700859
95,M,BL,2.787215816
96,M,BL,1.450393145
97,M,BL,3.279201391
98,M,BL,2.778314897
99,M,BL,2.164647915
100,M,BL,2.245950754
101,M,BL,1.981896814
102,M,BL,2.895670685
103,M,BL,4.178169497
104,M,BL,1.897019317
105,M,BL,4.021814418
106,M,BL,1.607687274
107,M,BL,3.506088541
108,M,BL,2.149449281
109,M,BL,1.931786216
110,M,BL,2.743805744
111,M,BL,3.983488058
112,M,BL,1.741688115
113,M,BL,2.175217868
114,M,BL,2.543104682
115,M,BL,3.569416406
116,M,BL,2.233058369
117,M,BL,1.463412494
118,M,BL,2.514312117
119,M,BL,3.825820384
120,M,BL,3.368063437
121,M,BL,2.905200084
122,M,BL,1.884161746
123,M,BL,2.724809743
124,M,BL,5.124836088
125,M,BL,1.910902718
126,M,BL,3.09026397
127,M,BL,3.093219713
128,M,BL,3.403937311
129,M,BL,1.55895605
130,M,BL,3.784648102
131,M,BL,2.92511484
132,M,BL,3.095927361
133,M,BL,4.196693694
134,M,BL,3.335087807
135,M,BL,1.619210316
136,M,BL,2.758983475
137,M,BL,2.814281477
138,M,BL,3.241737358
139,M,BL,3.181105207
140,M,BL,3.103177191
141,M,BL,2.165519
142,M,BL,2.968935705
143,M,BL,1.762554869
144,M,BL,2.294409113
145,M,BL,2.059005301
146,M,BL,2.884210701
147,M,BL,1.21243985
148,M,BL,2.732623595
149,M,BL,1.21437384
150,M,BL,0.955693587
151,M,BL,3.125993014
152,M,BL,2.510424511
153,M,BL,3.525726263
154,M,BL,3.094335159
155,M,BL,2.624378956
156,M,BL,3.61026426
157,M,BL,3.186769556
158,M,BL,1.497613054
159,M,BL,4.093204615
160,M,BL,2.961962126
161,M,BL,3.299065824
162,M,BL,1.848520782
163,M,BL,2.303274842
164,M,BL,2.490871015
165,M,BL,2.355901133
166,M,BL,2.691868084
167,M,BL,1.955670687
168,M,BL,2.656738836
169,M,BL,3.08973558
170,M,BL,1.757999262
171,M,BL,3.941206437
172,M,BL,1.426768955
173,M,BL,3.536838129
174,M,BL,3.278809728
175,M,BL,1.40607739
176,M,BL,3.447636106
177,M,BL,3.812396295
178,M,BL,3.422321189
179,M,BL,2.790205355
180,M,BL,1.261933991
181,M,BL,2.059009802
182,M,BL,3.107977485
183,M,BL,1.302175427
184,M,BL,2.548085625
185,M,BL,2.726695955
186,M,BL,1.769158845
187,M,BL,3.176810024
188,M,BL,2.663150717
189,M,BL,2.186808158
190,M,BL,2.534644347
191,M,BL,4.006622848
192,M,BL,2.205226837
193,M,BL,1.499079818
194,M,BL,3.723130889
195,M,BL,2.735147874
196,M,BL,4.580456687
197,M,BL,3.57314646
198,M,BL,1.645022395
199,M,BL,3.862459299
200,M,BL,2.515243115
201,G,BL,2.803977808
202,G,BL,2.474198381
203,G,BL,3.892662275
204,G,BL,2.595970392
205,G,BL,2.984280018
206,G,BL,2.884070622
207,G,BL,2.485571125
208,G,BL,4.192572055
209,G,BL,3.295097784
210,G,BL,3.301131298
211,G,BL,2.429745926
212,G,BL,3.900897684
213,G,BL,3.103104284
214,G,BL,2.368768325
215,G,BL,2.681170449
216,G,BL,2.001445205
217,G,BL,3.365804054
218,G,BL,3.091394505
219,G,BL,2.47594853
220,G,BL,2.239916382
221,G,BL,2.276772575
222,G,BL,2.534374974
223,G,BL,2.566323033
224,G,BL,1.680497196
225,G,BL,3.868686618
226,G,BL,2.58340045
227,G,BL,1.568019744
228,G,BL,3.032340199
229,G,BL,0.87194723
230,G,BL,2.707761225
231,G,BL,2.747944857
232,G,BL,2.201543945
233,G,BL,2.161506221
234,G,BL,2.339424576
235,G,BL,1.635237071
236,G,BL,1.274047282
237,G,BL,2.525951867
238,G,BL,2.893165123
239,G,BL,2.072026385
240,G,BL,2.346363531
241,G,BL,2.598832835
242,G,BL,3.013270841
243,G,BL,2.346621866
244,G,BL,1.889302674
245,G,BL,1.788329739
246,G,BL,2.390697278
247,G,BL,2.382957608
248,G,BL,2.585981566
249,G,BL,2.863320853
250,G,BL,3.083276707
251,G,BL,3.607465032
252,G,BL,3.371298544
253,G,BL,1.902325433
254,G,BL,1.671931322
255,G,BL,3.610100708
256,G,BL,1.678794637
257,G,BL,2.698309411
258,G,BL,3.117787739
259,G,BL,2.265555037
260,G,BL,4.43749036
261,G,BL,2.749039982
262,G,BL,2.006825273
263,G,BL,2.864028864
264,G,BL,3.213880563
265,G,BL,3.04281556
266,G,BL,2.723546502
267,G,BL,2.28911799
268,G,BL,2.540692507
269,G,BL,2.818797158
270,G,BL,1.906268002
271,G,BL,3.792199853
272,G,BL,2.044429958
273,G,BL,2.163399813
274,G,BL,1.602365262
275,G,BL,1.20365092
276,G,BL,3.604164486
277,G,BL,2.148411006
278,G,BL,3.365031695
279,G,BL,3.210245661
280,G,BL,1.367960853
281,G,BL,3.818380642
282,G,BL,3.176252828
283,G,BL,0.900742897
284,G,BL,4.224733453
285,G,BL,3.559996459
286,G,BL,2.302540753
287,G,BL,4.270888671
288,G,BL,2.260816852
289,G,BL,2.606697214
290,G,BL,3.822341373
291,G,BL,2.743130573
292,G,BL,3.519640963
293,G,BL,3.106622629
294,G,BL,3.576610605
295,G,BL,1.496867238
296,G,BL,3.666470125
297,G,BL,2.141210078
298,G,BL,2.825575174
299,G,BL,1.96938117
300,G,BL,3.658618493
301,G,BL,3.901468381
302,G,BL,2.770193705
303,G,BL,2.278076191
304,G,BL,2.827433307
305,G,BL,3.779272
306,G,BL,3.094595393
307,G,BL,3.403593877
308,G,BL,3.024729005
309,G,BL,3.30656008
310,G,BL,4.752629088
311,G,BL,2.273122207
312,G,BL,2.613019316
313,G,BL,2.86854329
314,G,BL,2.693035957
315,G,BL,3.827336537
316,G,BL,2.09120475
317,G,BL,1.214269795
318,G,BL,2.017155831
319,G,BL,3.575657765
320,G,BL,2.039113403
321,G,BL,3.114020973
322,G,BL,3.678448406
323,G,BL,3.786720208
324,G,BL,2.887555841
325,G,BL,1.329436274
326,G,BL,3.248246615
327,G,BL,2.774653099
328,G,BL,2.362568324
329,G,BL,3.12300873
330,G,BL,1.64830377
331,G,BL,2.423277968
332,G,BL,2.818831058
333,G,BL,3.07841146
334,G,BL,2.793034478
335,G,BL,1.891555284
336,G,BL,2.313649844
337,G,BL,2.947615743
338,G,BL,2.910521569
339,G,BL,3.408885546
340,G,BL,2.191790976
341,G,BL,3.599628978
342,G,BL,3.145517714
343,G,BL,3.271917382
344,G,BL,3.091292534
345,G,BL,3.705563357
346,G,BL,3.355343179
347,G,BL,2.786314761
348,G,BL,3.562213689
349,G,BL,3.455758296
350,G,BL,2.564668643
351,G,BL,2.981028864
352,G,BL,3.698271386
353,G,BL,2.857196045
354,G,BL,2.531519101
355,G,BL,2.850278936
356,G,BL,3.888510329
357,G,BL,3.691127417
358,G,BL,3.043535383
359,G,BL,3.08737657
360,G,BL,3.745574582
361,G,BL,1.627557521
362,G,BL,3.299567969
363,G,BL,3.061237397
364,G,BL,2.11411553
365,G,BL,3.497999873
366,G,BL,2.610068042
367,G,BL,2.523490287
368,G,BL,1.504583668
369,G,BL,2.257841259
370,G,BL,2.344221694
371,G,BL,4.564763396
372,G,BL,2.201452999
373,G,BL,3.698356832
374,G,BL,2.214663977
375,G,BL,2.073581293
376,G,BL,1.274679526
377,G,BL,1.613702233
378,G,BL,2.304356995
379,G,BL,0.953907721
380,G,BL,2.011488076
381,G,BL,1.949579298
382,G,BL,2.22505726
383,G,BL,3.368671212
384,G,BL,2.639775931
385,G,BL,5.391736753
386,G,BL,3.729086787
387,G,BL,2.179302337
388,G,BL,3.542381753
389,G,BL,1.329891217
390,G,BL,3.32899902
391,G,BL,3.263823504
392,G,BL,2.55797952
393,G,BL,2.236035933
394,G,BL,2.695090362
395,G,BL,3.170291984
396,G,BL,2.453836585
397,G,BL,2.578845867
398,G,BL,4.128069131
399,G,BL,3.144158777
400,G,BL,2.278465804
401,S,BL,2.565264515
402,S,BL,2.304285556
403,S,BL,2.663178419
404,S,BL,3.948051308
405,S,BL,3.398527532
406,S,BL,3.011281192
407,S,BL,2.62903855
408,S,BL,3.364559944
409,S,BL,3.45217696
410,S,BL,2.778063015
411,S,BL,3.330032981
412,S,BL,3.401644803
413,S,BL,2.157705634
414,S,BL,2.995283302
415,S,BL,3.189063291
416,S,BL,2.265393992
417,S,BL,2.821733475
418,S,BL,3.974250094
419,S,BL,3.272430449
420,S,BL,4.065934689
421,S,BL,2.473661484
422,S,BL,3.808998331
423,S,BL,1.620741631
424,S,BL,3.369788094
425,S,BL,3.467093425
426,S,BL,3.073120279
427,S,BL,3.094111347
428,S,BL,2.92730625
429,S,BL,2.438510078
430,S,BL,3.726094858
431,S,BL,2.411829408
432,S,BL,2.640225084
433,S,BL,2.801374948
434,S,BL,2.056602949
435,S,BL,2.666943784
436,S,BL,0.893055844
437,S,BL,3.373221752
438,S,BL,2.358601996
439,S,BL,2.019898847
440,S,BL,2.585074777
441,S,BL,2.644238119
442,S,BL,2.250457849
443,S,BL,2.424613161
444,S,BL,2.407555264
445,S,BL,2.65334227
446,S,BL,1.791669833
447,S,BL,2.94054629
448,S,BL,2.639979415
449,S,BL,1.869163717
450,S,BL,2.836277468
451,S,BL,3.405617183
452,S,BL,2.38527638
453,S,BL,3.996678507
454,S,BL,2.456822624
455,S,BL,3.830629087
456,S,BL,3.043475823
457,S,BL,2.778992729
458,S,BL,3.310554762
459,S,BL,3.361157532
460,S,BL,2.126917888
461,S,BL,2.491970468
462,S,BL,1.952496388
463,S,BL,2.86611606
464,S,BL,2.51784139
465,S,BL,3.607557521
466,S,BL,3.13174128
467,S,BL,2.921745784
468,S,BL,1.966540792
469,S,BL,2.467900726
470,S,BL,2.48413762
471,S,BL,1.331818822
472,S,BL,3.247047292
473,S,BL,3.141222605
474,S,BL,2.657451807
475,S,BL,2.304123385
476,S,BL,3.64789927
477,S,BL,2.555915004
478,S,BL,2.861457561
479,S,BL,3.34006367
480,S,BL,3.189067688
481,S,BL,2.428518752
482,S,BL,0.569067285
483,S,BL,1.708535049
484,S,BL,2.494459689
485,S,BL,3.125672553
486,S,BL,1.835881075
487,S,BL,3.143841776
488,S,BL,3.726662933
489,S,BL,2.243714267
490,S,BL,2.262374059
491,S,BL,1.666724462
492,S,BL,2.675367949
493,S,BL,3.207394951
494,S,BL,1.50426618
495,S,BL,3.176137483
496,S,BL,3.15681257
497,S,BL,3.104690164
498,S,BL,2.990995592
499,S,BL,1.150131215
500,S,BL,1.911691891
501,S,BL,3.779322062
502,S,BL,3.047793657
503,S,BL,3.087567717
504,S,BL,2.533983946
505,S,BL,3.141398359
506,S,BL,2.379652497
507,S,BL,2.471559103
508,S,BL,3.006780532
509,S,BL,1.637011814
510,S,BL,2.073187177
511,S,BL,2.406628399
512,S,BL,2.927777383
513,S,BL,3.291583436
514,S,BL,2.615812687
515,S,BL,2.696188749
516,S,BL,3.385961367
517,S,BL,1.905651155
518,S,BL,2.750834216
519,S,BL,3.303173532
520,S,BL,2.183368817
521,S,BL,2.60877055
522,S,BL,2.527781023
523,S,BL,3.000031894
524,S,BL,2.640927
525,S,BL,3.118639317
526,S,BL,3.002876446
527,S,BL,3.26625956
528,S,BL,4.009121939
529,S,BL,2.170136189
530,S,BL,2.469835198
531,S,BL,2.823022667
532,S,BL,3.831293575
533,S,BL,3.278024263
534,S,BL,3.255370351
535,S,BL,2.670820699
536,S,BL,3.269910967
537,S,BL,2.748315905
538,S,BL,2.521658356
539,S,BL,3.155489032
540,S,BL,3.441423469
541,S,BL,2.406556127
542,S,BL,3.258132764
543,S,BL,3.019490183
544,S,BL,2.609320077
545,S,BL,2.650090023
546,S,BL,1.978624379
547,S,BL,3.986068895
548,S,BL,3.335655011
549,S,BL,1.647210093
550,S,BL,2.40395888
551,S,BL,3.988099569
552,S,BL,2.369703615
553,S,BL,1.840777347
554,S,BL,1.647110538
555,S,BL,3.100709969
556,S,BL,2.02736574
557,S,BL,2.433512596
558,S,BL,2.727458503
559,S,BL,2.745033579
560,S,BL,2.812006284
561,S,BL,3.003404286
562,S,BL,2.129101744
563,S,BL,2.205917744
564,S,BL,1.613882161
565,S,BL,2.166417373
566,S,BL,4.023905508
567,S,BL,2.116876318
568,S,BL,2.654200139
569,S,BL,3.021532791
570,S,BL,2.968712383
571,S,BL,2.640751702
572,S,BL,2.767933222
573,S,BL,3.07914391
574,S,BL,2.056612309
575,S,BL,3.021339813
576,S,BL,1.5081584
577,S,BL,2.796385653
578,S,BL,3.221226648
579,S,BL,1.53361982
580,S,BL,2.589391467
581,S,BL,3.005239005
582,S,BL,2.334144645
583,S,BL,3.019988403
584,S,BL,2.413850517
585,S,BL,2.66949355
586,S,BL,3.090690899
587,S,BL,3.450994517
588,S,BL,3.645073496
589,S,BL,2.438486039
590,S,BL,2.530130661
591,S,BL,3.355302356
592,S,BL,4.020655779
593,S,BL,2.59586283
594,S,BL,2.594127094
595,S,BL,2.682835698
596,S,BL,2.682172234
597,S,BL,2.681508769
598,S,BL,2.680845304
599,S,BL,2.68018184
600,S,BL,2.679518375
601,C,BL,3.640967472
602,C,BL,2.59991225
603,C,BL,3.506510141
604,C,BL,4.136564327
605,C,BL,1.011741242
606,C,BL,2.505441038
607,C,BL,1.831420508
608,C,BL,3.695745928
609,C,BL,3.309255671
610,C,BL,1.670632327
611,C,BL,1.203491016
612,C,BL,2.03886569
613,C,BL,3.800598948
614,C,BL,1.98107821
615,C,BL,1.133097647
616,C,BL,3.698220939
617,C,BL,1.156897171
618,C,BL,4.369613462
619,C,BL,4.172070636
620,C,BL,4.969239636
621,C,BL,3.122737756
622,C,BL,1.758375139
623,C,BL,2.842487433
624,C,BL,4.254658307
625,C,BL,2.584391052
626,C,BL,2.976417846
627,C,BL,2.797381361
628,C,BL,2.534482332
629,C,BL,2.753511903
630,C,BL,2.163195353
631,C,BL,2.953091537
632,C,BL,3.61094215
633,C,BL,3.561135955
634,C,BL,2.100913689
635,C,BL,1.85759914
636,C,BL,1.81392028
637,C,BL,1.599289525
638,C,BL,1.904780569
639,C,BL,1.93986909
640,C,BL,3.187925127
641,C,BL,2.558722496
642,C,BL,2.481310887
643,C,BL,2.788842605
644,C,BL,1.595037173
645,C,BL,1.342327119
646,C,BL,2.766108037
647,C,BL,2.797742527
648,C,BL,3.400269683
649,C,BL,2.241279147
650,C,BL,2.237719872
651,C,BL,1.894195946
652,C,BL,3.215340979
653,C,BL,2.190367041
654,C,BL,2.187996829
655,C,BL,1.918594004
656,C,BL,4.096430902
657,C,BL,2.471458343
658,C,BL,1.495484845
659,C,BL,2.668874428
660,C,BL,1.68901971
661,C,BL,3.194578127
662,C,BL,2.651514611
663,C,BL,1.124459549
664,C,BL,3.152901157
665,C,BL,1.827465565
666,C,BL,2.561453601
667,C,BL,2.301064789
668,C,BL,2.312429806
669,C,BL,2.15507393
670,C,BL,1.95009319
671,C,BL,3.128010361
672,C,BL,3.862931747
673,C,BL,3.022177323
674,C,BL,2.580175514
675,C,BL,3.314429839
676,C,BL,3.284697241
677,C,BL,2.772744681
678,C,BL,2.498400787
679,C,BL,2.760558887
680,C,BL,1.655486714
681,C,BL,1.81844265
682,C,BL,2.380312592
683,C,BL,2.179845647
684,C,BL,2.136364594
685,C,BL,2.973407938
686,C,BL,2.343307795
687,C,BL,2.488732075
688,C,BL,2.600959981
689,C,BL,1.392603367
690,C,BL,2.83219093
691,C,BL,2.462343462
692,C,BL,3.47235801
693,C,BL,1.747022895
694,C,BL,2.75984579
695,C,BL,3.055933406
696,C,BL,2.951443894
697,C,BL,2.784797715
698,C,BL,2.98750253
699,C,BL,3.066823339
700,C,BL,2.420457445
701,C,BL,1.516796749
702,C,BL,1.835423756
703,C,BL,4.254286338
704,C,BL,2.290106419
705,C,BL,3.419684657
706,C,BL,2.577997431
707,C,BL,2.678001552
708,C,BL,2.530519614
709,C,BL,3.213101925
710,C,BL,2.873893028
711,C,BL,2.74739613
712,C,BL,3.144180379
713,C,BL,4.342090472
714,C,BL,3.253283792
715,C,BL,3.26602743
716,C,BL,3.741390501
717,C,BL,1.404033037
718,C,BL,3.176911508
719,C,BL,4.269722826
720,C,BL,3.693287273
721,C,BL,2.389602308
722,C,BL,4.552441496
723,C,BL,3.972492805
724,C,BL,2.382242601
725,C,BL,2.794711061
726,C,BL,4.263491935
727,C,BL,2.21184721
728,C,BL,3.508373155
729,C,BL,2.285016778
730,C,BL,2.242501736
731,C,BL,4.151624172
732,C,BL,2.404944763
733,C,BL,2.373707773
734,C,BL,2.998487387
735,C,BL,2.538044967
736,C,BL,2.967163224
737,C,BL,1.923911179
738,C,BL,2.781248619
739,C,BL,3.483080128
740,C,BL,2.432109174
741,C,BL,2.724506029
742,C,BL,2.88936967
743,C,BL,2.137346631
744,C,BL,2.23055381
745,C,BL,3.928719494
746,C,BL,3.179284162
747,C,BL,2.029915354
748,C,BL,2.726098229
749,C,BL,3.852234905
750,C,BL,3.550434719
751,C,BL,3.184792535
752,C,BL,3.563560607
753,C,BL,1.652225708
754,C,BL,0.900021726
755,C,BL,3.505426344
756,C,BL,3.158813014
757,C,BL,2.086452173
758,C,BL,4.426284812
759,C,BL,2.957103359
760,C,BL,2.085242577
761,C,BL,3.199623318
762,C,BL,2.183976298
763,C,BL,2.228353009
764,C,BL,2.736173725
765,C,BL,2.523850536
766,C,BL,3.190110567
767,C,BL,2.652469649
768,C,BL,3.631376236
769,C,BL,2.306501022
770,C,BL,4.063289774
771,C,BL,3.501575181
772,C,BL,2.798305871
773,C,BL,3.906122228
774,C,BL,3.061950066
775,C,BL,3.372707008
776,C,BL,3.618102346
777,C,BL,3.362697974
778,C,BL,2.82415574
779,C,BL,3.094399493
780,C,BL,2.890436729
781,C,BL,3.025276246
782,C,BL,2.663777713
783,C,BL,1.77831813
784,C,BL,2.122567791
785,C,BL,2.330043077
786,C,BL,3.257257433
787,C,BL,2.87608644
788,C,BL,1.403680146
789,C,BL,3.314222228
790,C,BL,5.349218617
791,C,BL,1.980758517
792,C,BL,2.490432184
793,C,BL,1.597671043
794,C,BL,2.80853626
795,C,BL,3.462985905
796,C,BL,3.141030116
797,C,BL,1.364794738
798,C,BL,2.827356599
799,C,BL,2.644137169
800,C,BL,3.011173884
1,M,M1,4.426855788
2,M,M1,2.951791009
3,M,M1,2.947460724
4,M,M1,3.199319996
5,M,M1,3.260203354
6,M,M1,3.687175207
7,M,M1,2.254075724
8,M,M1,3.84383996
9,M,M1,2.016484815
10,M,M1,1.8145674
11,M,M1,3.708489741
12,M,M1,1.389750886
13,M,M1,3.384827589
14,M,M1,2.703898862
15,M,M1,1.361404286
16,M,M1,4.607470751
17,M,M1,4.135201014
18,M,M1,3.23275564
19,M,M1,2.518799708
20,M,M1,2.438853142
21,M,M1,2.59396733
22,M,M1,3.169614856
23,M,M1,2.851277011
24,M,M1,1.673397432
25,M,M1,1.556473815
26,M,M1,4.832886754
27,M,M1,3.152879913
28,M,M1,2.995289312
29,M,M1,3.039139482
30,M,M1,1.487343264
31,M,M1,4.920993278
32,M,M1,2.204946423
33,M,M1,2.542227652
34,M,M1,2.643801275
35,M,M1,3.356613507
36,M,M1,2.968938117
37,M,M1,2.375931542
38,M,M1,4.522808273
39,M,M1,1.495578419
40,M,M1,2.250993495
41,M,M1,2.34202715
42,M,M1,3.506127956
43,M,M1,2.777883855
44,M,M1,2.713224218
45,M,M1,3.962325587
46,M,M1,3.389481287
47,M,M1,3.052796273
48,M,M1,4.541104517
49,M,M1,2.788109983
50,M,M1,4.412678455
51,M,M1,3.1539911
52,M,M1,1.401079419
53,M,M1,3.369002495
54,M,M1,3.62949095
55,M,M1,2.814215406
56,M,M1,2.36974762
57,M,M1,3.965358777
58,M,M1,3.373919933
59,M,M1,2.56771011
60,M,M1,2.219335923
61,M,M1,3.872061067
62,M,M1,3.063970916
63,M,M1,2.794048468
64,M,M1,3.446189751
65,M,M1,3.578467903
66,M,M1,2.251927821
67,M,M1,1.736645279
68,M,M1,3.897580348
69,M,M1,4.160835
70,M,M1,3.180511254
71,M,M1,1.945658889
72,M,M1,1.400779055
73,M,M1,2.740331459
74,M,M1,2.598556882
75,M,M1,3.726983789
76,M,M1,2.042309833
77,M,M1,3.159932525
78,M,M1,3.081959772
79,M,M1,3.877936419
80,M,M1,3.968511769
81,M,M1,3.159939986
82,M,M1,3.316846104
83,M,M1,1.690761077
84,M,M1,3.748830411
85,M,M1,4.246471496
86,M,M1,5.027688633
87,M,M1,3.474073339
88,M,M1,2.698880497
89,M,M1,3.971051334
90,M,M1,3.898066237
91,M,M1,1.746217503
92,M,M1,3.418609731
93,M,M1,3.276720938
94,M,M1,3.092158651
95,M,M1,3.093274117
96,M,M1,2.906574204
97,M,M1,1.686621879
98,M,M1,3.2044337
99,M,M1,2.903474999
100,M,M1,2.797893552
101,M,M1,3.031039579
102,M,M1,4.111799531
103,M,M1,4.098580173
104,M,M1,3.264233098
105,M,M1,2.998442479
106,M,M1,2.209037702
107,M,M1,3.738529576
108,M,M1,3.146321079
109,M,M1,3.279010099
110,M,M1,3.181875144
111,M,M1,1.637632626
112,M,M1,3.057241422
113,M,M1,2.98925857
114,M,M1,3.577970935
115,M,M1,4.235075482
116,M,M1,2.5013469
117,M,M1,2.327211441
118,M,M1,2.915539088
119,M,M1,2.776541919
120,M,M1,1.27201465
121,M,M1,4.072571951
122,M,M1,3.770962549
123,M,M1,5.121995247
124,M,M1,1.958544944
125,M,M1,2.086295923
126,M,M1,1.871479571
127,M,M1,2.26944708
128,M,M1,3.476234691
129,M,M1,2.408409378
130,M,M1,2.116083559
131,M,M1,2.873202822
132,M,M1,3.108209343
133,M,M1,3.662504172
134,M,M1,2.87915103
135,M,M1,1.834664934
136,M,M1,2.838935974
137,M,M1,3.420646043
138,M,M1,2.977787556
139,M,M1,3.642479397
140,M,M1,3.575118183
141,M,M1,2.420644155
142,M,M1,2.515534271
143,M,M1,3.615070748
144,M,M1,3.34292304
145,M,M1,2.258672004
146,M,M1,2.110391013
147,M,M1,3.313903277
148,M,M1,3.514843737
149,M,M1,3.166945039
150,M,M1,3.307086815
151,M,M1,2.797412228
152,M,M1,2.459614193
153,M,M1,5.228866728
154,M,M1,2.341522083
155,M,M1,3.155478553
156,M,M1,2.220783182
157,M,M1,1.907985018
158,M,M1,3.703079037
159,M,M1,2.888807548
160,M,M1,2.385650227
161,M,M1,2.522097548
162,M,M1,2.84325654
163,M,M1,3.100185513
164,M,M1,2.030804404
165,M,M1,3.38809092
166,M,M1,3.766329966
167,M,M1,3.993324649
168,M,M1,2.362286148
169,M,M1,2.72144245
170,M,M1,3.028531199
171,M,M1,2.896538309
172,M,M1,1.911611041
173,M,M1,3.314854876
174,M,M1,2.799413445
175,M,M1,5.682865292
176,M,M1,3.865739414
177,M,M1,2.274693192
178,M,M1,2.571145786
179,M,M1,1.997370966
180,M,M1,3.966950507
181,M,M1,2.906938638
182,M,M1,1.86573066
183,M,M1,1.550619472
184,M,M1,4.451372125
185,M,M1,2.182229237
186,M,M1,3.120572779
187,M,M1,1.985362133
188,M,M1,2.123724493
189,M,M1,2.274889495
190,M,M1,4.499764775
191,M,M1,4.118431031
192,M,M1,3.797412968
193,M,M1,1.338492982
194,M,M1,3.906641107
195,M,M1,4.195462502
196,M,M1,3.136112398
197,M,M1,3.263688713
198,M,M1,2.513274804
199,M,M1,1.851875402
200,M,M1,2.159509033
201,G,M1,2.968332057
202,G,M1,3.989191342
203,G,M1,2.683137024
204,G,M1,3.481416886
205,G,M1,2.475200701
206,G,M1,2.084032293
207,G,M1,1.907477629
208,G,M1,4.622172084
209,G,M1,3.30846896
210,G,M1,2.133586495
211,G,M1,4.427869176
212,G,M1,4.635763211
213,G,M1,3.234393374
214,G,M1,2.200091583
215,G,M1,3.403456984
216,G,M1,3.291919927
217,G,M1,2.906507118
218,G,M1,3.321811015
219,G,M1,4.271005332
220,G,M1,4.583202556
221,G,M1,1.22544017
222,G,M1,3.298775602
223,G,M1,1.82768419
224,G,M1,2.888783632
225,G,M1,2.021941611
226,G,M1,4.282412356
227,G,M1,3.058284225
228,G,M1,2.359741361
229,G,M1,2.224693768
230,G,M1,2.59578869
231,G,M1,1.843012334
232,G,M1,2.580048207
233,G,M1,4.596718181
234,G,M1,2.375660215
235,G,M1,2.773496783
236,G,M1,4.569962575
237,G,M1,3.050154773
238,G,M1,2.491277766
239,G,M1,3.041839814
240,G,M1,1.457492222
241,G,M1,3.128066615
242,G,M1,3.485908071
243,G,M1,2.287964703
244,G,M1,3.056063809
245,G,M1,1.937269388
246,G,M1,2.576495302
247,G,M1,2.609225231
248,G,M1,2.554330292
249,G,M1,2.205097545
250,G,M1,2.650629305
251,G,M1,2.694744444
252,G,M1,3.733623773
253,G,M1,1.116280808
254,G,M1,2.071895357
255,G,M1,4.719031294
256,G,M1,3.970263055
257,G,M1,3.573119307
258,G,M1,1.697673064
259,G,M1,2.684512852
260,G,M1,3.268426523
261,G,M1,1.970730355
262,G,M1,4.396610778
263,G,M1,2.306853758
264,G,M1,2.601605877
265,G,M1,3.081437002
266,G,M1,2.770406841
267,G,M1,2.502364614
268,G,M1,1.802215087
269,G,M1,3.024985493
270,G,M1,2.653348454
271,G,M1,2.160700245
272,G,M1,2.946035384
273,G,M1,3.013850455
274,G,M1,3.130557034
275,G,M1,2.772263065
276,G,M1,2.29937812
277,G,M1,3.243874222
278,G,M1,3.02877472
279,G,M1,3.178944451
280,G,M1,1.954959436
281,G,M1,3.099908451
282,G,M1,4.03440677
283,G,M1,2.747522545
284,G,M1,1.255178246
285,G,M1,4.317085798
286,G,M1,3.825316827
287,G,M1,3.595717721
288,G,M1,2.742335388
289,G,M1,1.546108707
290,G,M1,2.62075712
291,G,M1,2.086015023
292,G,M1,4.202706333
293,G,M1,2.69323151
294,G,M1,4.204954945
295,G,M1,2.098172725
296,G,M1,4.771928064
297,G,M1,1.83936473
298,G,M1,3.180614304
299,G,M1,3.433182862
300,G,M1,4.592037917
301,G,M1,2.803285257
302,G,M1,3.145474068
303,G,M1,1.690812769
304,G,M1,2.470985544
305,G,M1,4.257560332
306,G,M1,2.420941141
307,G,M1,3.342271453
308,G,M1,2.244816179
309,G,M1,3.287455185
310,G,M1,3.734777153
311,G,M1,3.170627738
312,G,M1,2.427616051
313,G,M1,2.709215646
314,G,M1,2.238451523
315,G,M1,3.879400088
316,G,M1,1.820770486
317,G,M1,2.600035577
318,G,M1,2.983763625
319,G,M1,3.616501631
320,G,M1,4.254713446
321,G,M1,1.743178974
322,G,M1,1.864630054
323,G,M1,2.556016122
324,G,M1,3.487484018
325,G,M1,3.193361417
326,G,M1,3.365924508
327,G,M1,2.062217212
328,G,M1,2.861029092
329,G,M1,2.478835608
330,G,M1,2.901293297
331,G,M1,1.638535136
332,G,M1,4.608784401
333,G,M1,4.473378235
334,G,M1,3.966139618
335,G,M1,2.946115127
336,G,M1,4.03277165
337,G,M1,3.839372623
338,G,M1,4.927820673
339,G,M1,4.358665648
340,G,M1,3.080781994
341,G,M1,3.561161963
342,G,M1,3.32980511
343,G,M1,2.289072909
344,G,M1,2.373808895
345,G,M1,3.222686631
346,G,M1,2.369126912
347,G,M1,3.545721417
348,G,M1,3.187322682
349,G,M1,1.775616448
350,G,M1,2.522064756
351,G,M1,4.412954869
352,G,M1,2.326983078
353,G,M1,3.337704575
354,G,M1,3.206025946
355,G,M1,2.778538267
356,G,M1,3.134851637
357,G,M1,4.145242133
358,G,M1,2.489106496
359,G,M1,1.844979085
360,G,M1,3.7769466
361,G,M1,2.187811299
362,G,M1,3.847416528
363,G,M1,3.036204789
364,G,M1,3.496533006
365,G,M1,3.262472018
366,G,M1,2.55601902
367,G,M1,2.342508383
368,G,M1,2.002325734
369,G,M1,3.705197394
370,G,M1,3.20480852
371,G,M1,3.134414579
372,G,M1,3.632900983
373,G,M1,2.71739734
374,G,M1,2.882201591
375,G,M1,2.671706394
376,G,M1,5.029550275
377,G,M1,3.647140116
378,G,M1,3.104000774
379,G,M1,2.021917985
380,G,M1,2.330549707
381,G,M1,2.238469842
382,G,M1,2.658955367
383,G,M1,1.854865071
384,G,M1,3.038267091
385,G,M1,2.66011075
386,G,M1,3.470252847
387,G,M1,3.388321827
388,G,M1,3.713475634
389,G,M1,2.141589179
390,G,M1,3.377294489
391,G,M1,2.507023799
392,G,M1,3.095660511
393,G,M1,3.121432392
394,G,M1,3.369008014
395,G,M1,3.967508863
396,G,M1,2.562809821
397,G,M1,3.321542836
398,G,M1,4.334460442
399,G,M1,2.112393286
400,G,M1,2.898644453
401,S,M1,1.661822513
402,S,M1,1.350784988
403,S,M1,1.755621742
404,S,M1,3.601803897
405,S,M1,2.867779451
406,S,M1,2.572640051
407,S,M1,2.980306038
408,S,M1,3.471808241
409,S,M1,3.191618604
410,S,M1,3.915197987
411,S,M1,2.865992869
412,S,M1,2.31288653
413,S,M1,1.496890507
414,S,M1,2.270317845
415,S,M1,3.119428768
416,S,M1,2.838959354
417,S,M1,2.666105969
418,S,M1,2.79631769
419,S,M1,1.766896593
420,S,M1,3.656125266
421,S,M1,3.004004541
422,S,M1,2.997648994
423,S,M1,2.362991211
424,S,M1,3.834613478
425,S,M1,3.156366296
426,S,M1,3.423016583
427,S,M1,3.70930084
428,S,M1,3.714683554
429,S,M1,2.712578309
430,S,M1,3.451062868
431,S,M1,2.930855184
432,S,M1,2.716342581
433,S,M1,2.653138136
434,S,M1,1.577770612
435,S,M1,3.232021583
436,S,M1,2.464982837
437,S,M1,3.555449658
438,S,M1,2.549488645
439,S,M1,2.94354448
440,S,M1,2.788114634
441,S,M1,3.511475139
442,S,M1,4.012816494
443,S,M1,2.898480579
444,S,M1,2.513155322
445,S,M1,2.724309037
446,S,M1,4.070347302
447,S,M1,3.967838688
448,S,M1,2.37426505
449,S,M1,3.53733474
450,S,M1,2.866605526
451,S,M1,1.482663777
452,S,M1,3.637241545
453,S,M1,3.299457413
454,S,M1,2.689160484
455,S,M1,2.383922382
456,S,M1,1.424886834
457,S,M1,2.789871457
458,S,M1,2.544259379
459,S,M1,2.076917977
460,S,M1,3.38883204
461,S,M1,1.869837738
462,S,M1,3.667963881
463,S,M1,3.023433829
464,S,M1,3.388932027
465,S,M1,2.961125828
466,S,M1,2.388604196
467,S,M1,3.123318731
468,S,M1,3.207743592
469,S,M1,3.696809399
470,S,M1,3.204541401
471,S,M1,4.563287789
472,S,M1,3.47860172
473,S,M1,4.049227915
474,S,M1,2.797732303
475,S,M1,4.026015777
476,S,M1,3.065644129
477,S,M1,3.612895289
478,S,M1,3.745184341
479,S,M1,2.362690882
480,S,M1,3.857800941
481,S,M1,4.194629405
482,S,M1,2.855277909
483,S,M1,2.891848591
484,S,M1,3.147793484
485,S,M1,2.649278582
486,S,M1,3.425573931
487,S,M1,3.234801949
488,S,M1,4.204993833
489,S,M1,4.318515436
490,S,M1,3.13967948
491,S,M1,3.568038447
492,S,M1,3.975612362
493,S,M1,3.818289564
494,S,M1,3.199867418
495,S,M1,4.399343065
496,S,M1,2.774876556
497,S,M1,2.999054622
498,S,M1,2.541765116
499,S,M1,2.881561875
500,S,M1,3.130771872
501,S,M1,2.430802824
502,S,M1,2.988025816
503,S,M1,2.475225718
504,S,M1,3.641653266
505,S,M1,2.641774121
506,S,M1,3.363207906
507,S,M1,3.115176894
508,S,M1,3.115829448
509,S,M1,3.033896994
510,S,M1,3.449356067
511,S,M1,3.393197075
512,S,M1,4.35144851
513,S,M1,1.783071285
514,S,M1,3.576872738
515,S,M1,2.049861344
516,S,M1,3.604201136
517,S,M1,0.89654262
518,S,M1,4.020413284
519,S,M1,1.874628894
520,S,M1,2.929516401
521,S,M1,4.107306022
522,S,M1,2.996111912
523,S,M1,1.459680273
524,S,M1,2.568401211
525,S,M1,3.66576929
526,S,M1,2.697343174
527,S,M1,2.9835654
528,S,M1,1.10553735
529,S,M1,3.129338355
530,S,M1,2.212643415
531,S,M1,2.904589174
532,S,M1,2.727037565
533,S,M1,4.14395611
534,S,M1,1.993685283
535,S,M1,3.679789035
536,S,M1,3.846978705
537,S,M1,3.009954089
538,S,M1,3.337510705
539,S,M1,3.190210801
540,S,M1,2.155869919
541,S,M1,0.87123655
542,S,M1,2.233925853
543,S,M1,3.016874425
544,S,M1,2.979116104
545,S,M1,3.915780765
546,S,M1,3.202562809
547,S,M1,2.551899284
548,S,M1,2.893181657
549,S,M1,2.241024793
550,S,M1,1.963346621
551,S,M1,4.396815294
552,S,M1,3.701155721
553,S,M1,4.624158183
554,S,M1,3.695715352
555,S,M1,4.65323843
556,S,M1,2.944361577
557,S,M1,2.438671288
558,S,M1,3.232279132
559,S,M1,4.011096822
560,S,M1,2.71488161
561,S,M1,3.571128026
562,S,M1,2.81740239
563,S,M1,3.624842345
564,S,M1,2.682120297
565,S,M1,3.647643183
566,S,M1,3.164203421
567,S,M1,2.725139987
568,S,M1,4.106147676
569,S,M1,2.973710748
570,S,M1,2.952653301
571,S,M1,2.465765649
572,S,M1,2.414350637
573,S,M1,2.288319979
574,S,M1,2.225272483
575,S,M1,3.799157858
576,S,M1,2.228951665
577,S,M1,1.983957563
578,S,M1,4.128590761
579,S,M1,2.974051997
580,S,M1,1.48450378
581,S,M1,2.573464394
582,S,M1,2.909889358
583,S,M1,3.324410567
584,S,M1,2.55502202
585,S,M1,2.651126357
586,S,M1,2.30898729
587,S,M1,2.706011407
588,S,M1,2.104981176
589,S,M1,4.677232748
590,S,M1,2.365356563
591,S,M1,2.085604227
592,S,M1,3.09675193
593,S,M1,4.372240768
594,S,M1,4.702500435
595,S,M1,3.081160572
596,S,M1,3.081876844
597,S,M1,3.082593115
598,S,M1,3.083309386
599,S,M1,3.084025657
600,S,M1,3.084741928
601,C,M1,4.312026282
602,C,M1,1.890011237
603,C,M1,2.850242001
604,C,M1,2.680379119
605,C,M1,4.505116661
606,C,M1,2.739532951
607,C,M1,3.533273982
608,C,M1,2.815794925
609,C,M1,2.573111649
610,C,M1,3.679435009
611,C,M1,3.029595858
612,C,M1,3.763855822
613,C,M1,3.748311035
614,C,M1,1.251624851
615,C,M1,2.642969705
616,C,M1,2.026600227
617,C,M1,1.81949702
618,C,M1,2.727851013
619,C,M1,3.182984098
620,C,M1,4.079083499
621,C,M1,2.33235732
622,C,M1,2.449677126
623,C,M1,2.606622387
624,C,M1,3.092253637
625,C,M1,2.787719781
626,C,M1,2.501122956
627,C,M1,3.033943324
628,C,M1,3.426315814
629,C,M1,1.990205886
630,C,M1,3.26807476
631,C,M1,3.777530003
632,C,M1,3.742492455
633,C,M1,2.375283332
634,C,M1,4.130547376
635,C,M1,2.178135295
636,C,M1,3.260726442
637,C,M1,1.703228745
638,C,M1,2.832322144
639,C,M1,3.871335434
640,C,M1,2.970099317
641,C,M1,2.728809149
642,C,M1,2.200780024
643,C,M1,1.48069507
644,C,M1,3.220435388
645,C,M1,2.268893806
646,C,M1,3.278725701
647,C,M1,3.09701311
648,C,M1,5.270018492
649,C,M1,2.935913696
650,C,M1,2.993829882
651,C,M1,0.702016838
652,C,M1,2.090538657
653,C,M1,2.375253023
654,C,M1,4.021797797
655,C,M1,3.578260078
656,C,M1,2.521819362
657,C,M1,2.808809565
658,C,M1,2.012803523
659,C,M1,3.35241361
660,C,M1,2.887791696
661,C,M1,1.660490829
662,C,M1,1.01116757
663,C,M1,4.317906543
664,C,M1,2.792772971
665,C,M1,2.53009775
666,C,M1,3.170316918
667,C,M1,2.015240998
668,C,M1,0.862011209
669,C,M1,0.464320189
670,C,M1,3.377348205
671,C,M1,2.177238289
672,C,M1,3.087099434
673,C,M1,2.480954757
674,C,M1,2.992230329
675,C,M1,5.014614175
676,C,M1,5.326021913
677,C,M1,3.356266544
678,C,M1,2.242902396
679,C,M1,2.244509851
680,C,M1,2.08787219
681,C,M1,2.635034488
682,C,M1,2.766104706
683,C,M1,2.004218823
684,C,M1,4.391767662
685,C,M1,4.188590698
686,C,M1,3.100926649
687,C,M1,1.72027129
688,C,M1,1.290224185
689,C,M1,2.612735358
690,C,M1,1.641503253
691,C,M1,3.332711174
692,C,M1,2.539144903
693,C,M1,3.004291398
694,C,M1,2.354498317
695,C,M1,1.609631843
696,C,M1,3.94526265
697,C,M1,2.226198601
698,C,M1,3.500568326
699,C,M1,2.316599643
700,C,M1,2.126091064
701,C,M1,2.705056263
702,C,M1,3.589289122
703,C,M1,1.72537661
704,C,M1,0.950557536
705,C,M1,3.525942117
706,C,M1,2.899149275
707,C,M1,2.116786592
708,C,M1,3.288490394
709,C,M1,2.751466531
710,C,M1,1.867868445
711,C,M1,4.410508951
712,C,M1,1.378763422
713,C,M1,1.413317281
714,C,M1,2.451247951
715,C,M1,3.93393342
716,C,M1,2.675667233
717,C,M1,3.900158806
718,C,M1,4.040571514
719,C,M1,2.125517312
720,C,M1,3.040900684
721,C,M1,2.592447578
722,C,M1,2.677109413
723,C,M1,3.399855335
724,C,M1,2.980528753
725,C,M1,2.921235747
726,C,M1,3.874762088
727,C,M1,2.252159073
728,C,M1,2.858132263
729,C,M1,2.899427126
730,C,M1,2.206340643
731,C,M1,1.834048958
732,C,M1,2.776063998
733,C,M1,2.956251127
734,C,M1,3.102219191
735,C,M1,2.528601771
736,C,M1,3.07055909
737,C,M1,1.987011673
738,C,M1,4.489999963
739,C,M1,1.986903485
740,C,M1,2.91466279
741,C,M1,2.338333817
742,C,M1,2.559888231
743,C,M1,2.535119909
744,C,M1,1.902288651
745,C,M1,4.500195151
746,C,M1,3.79468944
747,C,M1,2.614036791
748,C,M1,2.708928354
749,C,M1,2.930056037
750,C,M1,3.078665505
751,C,M1,3.650098307
752,C,M1,2.154225088
753,C,M1,3.679825063
754,C,M1,4.117502013
755,C,M1,1.880152521
756,C,M1,3.548168708
757,C,M1,1.095514144
758,C,M1,2.782173953
759,C,M1,3.611999159
760,C,M1,2.890797523
761,C,M1,2.929150009
762,C,M1,3.42911246
763,C,M1,3.094782255
764,C,M1,2.126890953
765,C,M1,1.926599572
766,C,M1,4.273370134
767,C,M1,2.51471314
768,C,M1,3.255655376
769,C,M1,3.273002496
770,C,M1,2.858644556
771,C,M1,0.763814157
772,C,M1,3.616513371
773,C,M1,2.903526226
774,C,M1,2.419679436
775,C,M1,1.761812859
776,C,M1,3.952377236
777,C,M1,3.309089675
778,C,M1,3.159748821
779,C,M1,2.721025439
780,C,M1,2.878036383
781,C,M1,2.448174732
782,C,M1,2.290899317
783,C,M1,2.928826873
784,C,M1,2.518177201
785,C,M1,1.137283221
786,C,M1,3.416728032
787,C,M1,3.137296717
788,C,M1,3.374568649
789,C,M1,2.417555678
790,C,M1,3.087495254
791,C,M1,2.926714271
792,C,M1,1.945798983
793,C,M1,2.425981067
794,C,M1,2.523871312
795,C,M1,2.932206234
796,C,M1,1.878743867
797,C,M1,3.993553245
798,C,M1,1.751858778
799,C,M1,2.984377994
800,C,M1,2.715129096
1,M,M3,3.366078959
2,M,M3,3.022302183
3,M,M3,2.12379795
4,M,M3,2.079986033
5,M,M3,1.205488939
6,M,M3,3.613933957
7,M,M3,2.915243555
8,M,M3,3.089835013
9,M,M3,3.340781585
10,M,M3,1.846793019
11,M,M3,2.498178377
12,M,M3,4.60014885
13,M,M3,3.725971072
14,M,M3,3.16188851
15,M,M3,4.243183187
16,M,M3,2.840785613
17,M,M3,3.69524662
18,M,M3,3.964614058
19,M,M3,4.197277849
20,M,M3,1.98158453
21,M,M3,3.181246511
22,M,M3,2.183737092
23,M,M3,2.520138731
24,M,M3,3.13733452
25,M,M3,2.719445136
26,M,M3,2.200164478
27,M,M3,2.769492147
28,M,M3,1.471929995
29,M,M3,4.011891521
30,M,M3,1.763439868
31,M,M3,5.535964212
32,M,M3,4.80522855
33,M,M3,3.39357097
34,M,M3,3.372376805
35,M,M3,4.344210685
36,M,M3,3.340297459
37,M,M3,3.514975209
38,M,M3,3.02531641
39,M,M3,3.873971775
40,M,M3,2.454092783
41,M,M3,2.225771289
42,M,M3,3.322249687
43,M,M3,4.102438499
44,M,M3,2.417986655
45,M,M3,4.256006804
46,M,M3,3.36103026
47,M,M3,3.652842663
48,M,M3,2.827222199
49,M,M3,2.302750111
50,M,M3,2.571095615
51,M,M3,1.936862532
52,M,M3,2.878214813
53,M,M3,3.686065232
54,M,M3,2.184498421
55,M,M3,3.885538094
56,M,M3,2.075354321
57,M,M3,3.127033825
58,M,M3,1.634246815
59,M,M3,3.860861116
60,M,M3,2.70197613
61,M,M3,3.01478963
62,M,M3,2.580809055
63,M,M3,1.119218487
64,M,M3,2.548311337
65,M,M3,1.992717892
66,M,M3,4.90687175
67,M,M3,2.191345302
68,M,M3,4.003575611
69,M,M3,3.713906186
70,M,M3,3.358398939
71,M,M3,3.28534093
72,M,M3,2.359351413
73,M,M3,2.643658321
74,M,M3,2.328546674
75,M,M3,2.697544957
76,M,M3,3.829233693
77,M,M3,2.258327929
78,M,M3,4.100190598
79,M,M3,3.840770399
80,M,M3,3.146110131
81,M,M3,4.123020348
82,M,M3,2.968353648
83,M,M3,2.788748588
84,M,M3,3.158923113
85,M,M3,2.665803677
86,M,M3,2.722453273
87,M,M3,3.54092848
88,M,M3,1.722443906
89,M,M3,1.820128332
90,M,M3,2.648497719
91,M,M3,4.204963738
92,M,M3,1.97775275
93,M,M3,3.671947177
94,M,M3,2.048942909
95,M,M3,2.666951439
96,M,M3,2.975194452
97,M,M3,3.676982033
98,M,M3,2.576613925
99,M,M3,4.79137668
100,M,M3,3.407093116
101,M,M3,3.622683721
102,M,M3,0.756440967
103,M,M3,2.709939403
104,M,M3,2.93949848
105,M,M3,4.279143593
106,M,M3,2.852472254
107,M,M3,3.594175827
108,M,M3,2.997122687
109,M,M3,3.559866774
110,M,M3,2.151834501
111,M,M3,3.082725721
112,M,M3,3.215824812
113,M,M3,4.277230856
114,M,M3,3.394752076
115,M,M3,3.322168287
116,M,M3,2.923980601
117,M,M3,3.421312133
118,M,M3,0.85577018
119,M,M3,3.98174729
120,M,M3,2.442636303
121,M,M3,3.685032855
122,M,M3,4.052120253
123,M,M3,2.154022235
124,M,M3,1.821407271
125,M,M3,3.79228056
126,M,M3,3.929854561
127,M,M3,4.933147315
128,M,M3,1.814529321
129,M,M3,3.187488897
130,M,M3,2.805105672
131,M,M3,3.413279769
132,M,M3,2.87254372
133,M,M3,1.929159089
134,M,M3,1.800429848
135,M,M3,3.134947104
136,M,M3,3.796940385
137,M,M3,3.987058052
138,M,M3,2.295788493
139,M,M3,3.574798726
140,M,M3,2.83956658
141,M,M3,2.529815883
142,M,M3,4.066810011
143,M,M3,3.136094468
144,M,M3,1.437972505
145,M,M3,2.677287994
146,M,M3,3.131079848
147,M,M3,2.265805624
148,M,M3,2.468375631
149,M,M3,2.561173537
150,M,M3,2.981171282
151,M,M3,1.447841618
152,M,M3,3.833974874
153,M,M3,2.462118239
154,M,M3,0.909081109
155,M,M3,2.627643678
156,M,M3,1.933127659
157,M,M3,4.945060033
158,M,M3,3.538852491
159,M,M3,4.149610388
160,M,M3,3.298371643
161,M,M3,3.162791136
162,M,M3,2.119927611
163,M,M3,3.958177283
164,M,M3,3.125854601
165,M,M3,4.957679019
166,M,M3,2.16470349
167,M,M3,2.489691135
168,M,M3,2.854050371
169,M,M3,3.158496188
170,M,M3,0.547821629
171,M,M3,3.220624918
172,M,M3,3.056986417
173,M,M3,3.181474156
174,M,M3,2.86442038
175,M,M3,3.147099918
176,M,M3,2.17290629
177,M,M3,2.720287359
178,M,M3,2.734774783
179,M,M3,3.483072077
180,M,M3,2.857090537
181,M,M3,4.386144233
182,M,M3,2.394585445
183,M,M3,3.655199434
184,M,M3,3.484192284
185,M,M3,1.926574341
186,M,M3,2.645922969
187,M,M3,3.532759443
188,M,M3,2.22248152
189,M,M3,2.969703602
190,M,M3,4.409648516
191,M,M3,3.739598136
192,M,M3,4.218869659
193,M,M3,2.237949948
194,M,M3,3.563196564
195,M,M3,2.168846477
196,M,M3,2.595545053
197,M,M3,2.10470893
198,M,M3,2.63425071
199,M,M3,2.310678434
200,M,M3,2.000990976
201,G,M3,4.606472485
202,G,M3,3.321176574
203,G,M3,1.284218092
204,G,M3,2.966178427
205,G,M3,3.847522789
206,G,M3,2.664670483
207,G,M3,2.07890574
208,G,M3,3.586901028
209,G,M3,2.167111654
210,G,M3,3.255119859
211,G,M3,3.578462325
212,G,M3,2.256210059
213,G,M3,3.253984901
214,G,M3,3.508894896
215,G,M3,4.312897033
216,G,M3,1.678649736
217,G,M3,2.609145852
218,G,M3,1.693304862
219,G,M3,3.666552367
220,G,M3,5.557251615
221,G,M3,2.324874583
222,G,M3,3.864477807
223,G,M3,3.329888146
224,G,M3,3.137759354
225,G,M3,1.507537043
226,G,M3,2.038595048
227,G,M3,3.539083933
228,G,M3,3.420051181
229,G,M3,5.054432659
230,G,M3,2.445052081
231,G,M3,2.61158002
232,G,M3,3.122013473
233,G,M3,3.849157093
234,G,M3,2.917061146
235,G,M3,3.837105289
236,G,M3,3.45350131
237,G,M3,2.291116098
238,G,M3,3.30169367
239,G,M3,3.534763304
240,G,M3,3.372731987
241,G,M3,2.819659069
242,G,M3,3.204203325
243,G,M3,3.335071814
244,G,M3,3.812614683
245,G,M3,4.732657768
246,G,M3,3.75998412
247,G,M3,2.783359338
248,G,M3,3.572097295
249,G,M3,3.089052374
250,G,M3,3.81946303
251,G,M3,2.861242931
252,G,M3,2.628892088
253,G,M3,3.659643317
254,G,M3,3.383013573
255,G,M3,4.603453286
256,G,M3,3.099287503
257,G,M3,3.612429534
258,G,M3,2.514103274
259,G,M3,3.807083987
260,G,M3,3.439392281
261,G,M3,3.224614883
262,G,M3,2.277270784
263,G,M3,3.174711873
264,G,M3,4.096884739
265,G,M3,3.917916158
266,G,M3,2.017573473
267,G,M3,4.329127771
268,G,M3,4.674984603
269,G,M3,2.355011786
270,G,M3,4.120282962
271,G,M3,4.357480243
272,G,M3,2.755768113
273,G,M3,2.670153093
274,G,M3,3.254247226
275,G,M3,4.166694504
276,G,M3,4.572467716
277,G,M3,3.260625023
278,G,M3,4.119630311
279,G,M3,2.687844885
280,G,M3,3.344533763
281,G,M3,2.695753768
282,G,M3,2.185338185
283,G,M3,3.676904008
284,G,M3,3.038059651
285,G,M3,3.307522829
286,G,M3,3.990601625
287,G,M3,3.659586843
288,G,M3,3.396116125
289,G,M3,4.190931671
290,G,M3,3.976806606
291,G,M3,2.106985698
292,G,M3,3.827075465
293,G,M3,2.934186717
294,G,M3,3.565874963
295,G,M3,4.149189256
296,G,M3,2.772478451
297,G,M3,3.630720219
298,G,M3,3.819663455
299,G,M3,5.294808015
300,G,M3,3.959377989
301,G,M3,2.638432025
302,G,M3,3.552612852
303,G,M3,3.472623674
304,G,M3,1.839381831
305,G,M3,3.584038707
306,G,M3,3.889042817
307,G,M3,3.887565849
308,G,M3,3.741235909
309,G,M3,3.810265659
310,G,M3,3.75830048
311,G,M3,2.385530706
312,G,M3,2.957834516
313,G,M3,2.384645215
314,G,M3,3.143562294
315,G,M3,3.485448909
316,G,M3,4.977903409
317,G,M3,4.105480687
318,G,M3,3.96528728
319,G,M3,3.123522201
320,G,M3,2.031725058
321,G,M3,2.802237345
322,G,M3,1.322737827
323,G,M3,5.332242666
324,G,M3,3.359030468
325,G,M3,3.466139215
326,G,M3,3.401715726
327,G,M3,2.797465923
328,G,M3,3.840794342
329,G,M3,4.337683388
330,G,M3,2.643463116
331,G,M3,2.166293866
332,G,M3,2.892407321
333,G,M3,2.48785615
334,G,M3,3.164291427
335,G,M3,4.80679081
336,G,M3,3.124352217
337,G,M3,2.93554605
338,G,M3,1.973336855
339,G,M3,3.661812359
340,G,M3,1.649537358
341,G,M3,3.632664337
342,G,M3,3.399775454
343,G,M3,4.80434685
344,G,M3,3.308304245
345,G,M3,1.992597533
346,G,M3,4.33233237
347,G,M3,4.255554227
348,G,M3,0.721614359
349,G,M3,4.193007629
350,G,M3,3.013947437
351,G,M3,3.385125024
352,G,M3,4.447023791
353,G,M3,3.533881411
354,G,M3,2.601936035
355,G,M3,3.908683963
356,G,M3,3.809733968
357,G,M3,3.55308201
358,G,M3,2.966793068
359,G,M3,4.891222872
360,G,M3,3.289282402
361,G,M3,4.060402854
362,G,M3,4.260724837
363,G,M3,4.074075281
364,G,M3,2.134187784
365,G,M3,3.18875892
366,G,M3,2.937628234
367,G,M3,4.880450688
368,G,M3,3.981798867
369,G,M3,4.478339167
370,G,M3,2.692949683
371,G,M3,4.24466937
372,G,M3,3.550088715
373,G,M3,4.892033906
374,G,M3,3.200792811
375,G,M3,2.766277414
376,G,M3,3.521057142
377,G,M3,2.464512707
378,G,M3,2.571832883
379,G,M3,3.434837031
380,G,M3,3.224486862
381,G,M3,3.571434258
382,G,M3,3.460332701
383,G,M3,4.057459758
384,G,M3,4.167844931
385,G,M3,5.432214204
386,G,M3,4.650664002
387,G,M3,3.297830278
388,G,M3,3.18250898
389,G,M3,3.267401783
390,G,M3,3.023349434
391,G,M3,3.131983305
392,G,M3,3.240410815
393,G,M3,4.125305632
394,G,M3,3.838485245
395,G,M3,4.30263188
396,G,M3,2.084507915
397,G,M3,3.138983371
398,G,M3,3.566733149
399,G,M3,6.580605423
400,G,M3,3.439708249
401,S,M3,2.738594735
402,S,M3,2.037205376
403,S,M3,3.244703551
404,S,M3,2.998470164
405,S,M3,3.749119508
406,S,M3,3.108186811
407,S,M3,2.870828644
408,S,M3,3.154160596
409,S,M3,2.455264664
410,S,M3,2.483197374
411,S,M3,3.718869783
412,S,M3,2.453518493
413,S,M3,3.207229269
414,S,M3,2.213481342
415,S,M3,4.154506899
416,S,M3,1.11030102
417,S,M3,3.879536117
418,S,M3,2.681936305
419,S,M3,3.082831217
420,S,M3,2.490860292
421,S,M3,3.073458009
422,S,M3,2.965296355
423,S,M3,3.132117389
424,S,M3,1.834932818
425,S,M3,2.540244786
426,S,M3,1.984713768
427,S,M3,3.097097655
428,S,M3,3.923935074
429,S,M3,2.963089544
430,S,M3,4.655180267
431,S,M3,3.26508964
432,S,M3,3.499848441
433,S,M3,3.505579501
434,S,M3,3.206545689
435,S,M3,3.572502461
436,S,M3,3.84664716
437,S,M3,2.274242677
438,S,M3,4.273032091
439,S,M3,2.078657036
440,S,M3,3.525008697
441,S,M3,2.110381271
442,S,M3,2.81168475
443,S,M3,4.648940523
444,S,M3,2.475313077
445,S,M3,2.68723892
446,S,M3,4.358296627
447,S,M3,2.961477851
448,S,M3,2.895742534
449,S,M3,2.398127704
450,S,M3,2.428567661
451,S,M3,2.080108521
452,S,M3,3.139629522
453,S,M3,4.173282435
454,S,M3,2.048042712
455,S,M3,3.183303561
456,S,M3,3.360951099
457,S,M3,3.415303826
458,S,M3,4.309107526
459,S,M3,3.446363441
460,S,M3,3.089456614
461,S,M3,2.863144819
462,S,M3,3.691466686
463,S,M3,2.80816547
464,S,M3,2.90986597
465,S,M3,3.265108954
466,S,M3,3.753018169
467,S,M3,4.232864999
468,S,M3,3.143606955
469,S,M3,3.714985587
470,S,M3,3.419767686
471,S,M3,3.541969796
472,S,M3,2.983874727
473,S,M3,4.15659345
474,S,M3,1.67355756
475,S,M3,2.122125411
476,S,M3,3.276564953
477,S,M3,3.505105023
478,S,M3,3.184304221
479,S,M3,4.540863704
480,S,M3,4.023934376
481,S,M3,1.865178774
482,S,M3,3.493457444
483,S,M3,2.982899264
484,S,M3,2.750700986
485,S,M3,3.294100125
486,S,M3,3.238323877
487,S,M3,3.075482284
488,S,M3,2.527421456
489,S,M3,2.510439853
490,S,M3,3.07882833
491,S,M3,3.792317323
492,S,M3,4.366678277
493,S,M3,2.559816815
494,S,M3,2.434987879
495,S,M3,3.848132514
496,S,M3,2.749237588
497,S,M3,2.677727123
498,S,M3,2.790501686
499,S,M3,2.715843013
500,S,M3,2.702642028
501,S,M3,4.957582094
502,S,M3,2.663132342
503,S,M3,2.703503017
504,S,M3,2.747229464
505,S,M3,3.699958959
506,S,M3,3.744111856
507,S,M3,4.632320462
508,S,M3,3.556135638
509,S,M3,0.329615578
510,S,M3,3.631635116
511,S,M3,3.310471653
512,S,M3,4.250326529
513,S,M3,4.517653887
514,S,M3,3.357579628
515,S,M3,4.102545218
516,S,M3,4.606628569
517,S,M3,2.385434242
518,S,M3,3.053433522
519,S,M3,4.355297468
520,S,M3,3.145952132
521,S,M3,3.461385094
522,S,M3,3.752228747
523,S,M3,3.794958016
524,S,M3,2.636022644
525,S,M3,3.133382487
526,S,M3,3.846952486
527,S,M3,4.192237977
528,S,M3,4.044626016
529,S,M3,2.88460828
530,S,M3,3.174220444
531,S,M3,3.048919177
532,S,M3,2.728766374
533,S,M3,3.45492684
534,S,M3,3.218221071
535,S,M3,2.750522499
536,S,M3,3.601770451
537,S,M3,3.574676849
538,S,M3,2.174630402
539,S,M3,3.843512466
540,S,M3,3.200683162
541,S,M3,4.77159026
542,S,M3,2.92563566
543,S,M3,3.282908401
544,S,M3,4.414928759
545,S,M3,2.321621468
546,S,M3,4.798180611
547,S,M3,2.323396084
548,S,M3,3.34439132
549,S,M3,3.040245723
550,S,M3,3.397143366
551,S,M3,3.832255364
552,S,M3,3.136121472
553,S,M3,3.739505931
554,S,M3,4.161505926
555,S,M3,4.322332017
556,S,M3,4.057431539
557,S,M3,2.878469683
558,S,M3,3.98015688
559,S,M3,2.504268216
560,S,M3,4.324087535
561,S,M3,3.109578887
562,S,M3,3.139707431
563,S,M3,2.297180267
564,S,M3,2.200186883
565,S,M3,3.539558727
566,S,M3,2.375483948
567,S,M3,1.664330459
568,S,M3,3.690563323
569,S,M3,3.212313064
570,S,M3,2.655348178
571,S,M3,3.213000272
572,S,M3,3.244655252
573,S,M3,2.991531843
574,S,M3,3.395210901
575,S,M3,2.65494775
576,S,M3,3.245406586
577,S,M3,2.156746277
578,S,M3,1.753993459
579,S,M3,3.416740619
580,S,M3,2.302586231
581,S,M3,3.368477587
582,S,M3,4.344441438
583,S,M3,2.877223705
584,S,M3,3.660073575
585,S,M3,3.118559301
586,S,M3,3.474981525
587,S,M3,3.381068418
588,S,M3,3.125451461
589,S,M3,2.498089484
590,S,M3,3.842387078
591,S,M3,3.465180994
592,S,M3,3.48067029
593,S,M3,3.846673539
594,S,M3,4.27188351
595,S,M3,3.37193495
596,S,M3,3.373625684
597,S,M3,3.375316418
598,S,M3,3.377007151
599,S,M3,3.378697885
600,S,M3,3.380388618
601,C,M3,2.716185678
602,C,M3,3.163705603
603,C,M3,3.865497795
604,C,M3,1.252598927
605,C,M3,0.971804926
606,C,M3,3.033863871
607,C,M3,2.437932318
608,C,M3,1.64402008
609,C,M3,3.902488105
610,C,M3,3.451414778
611,C,M3,3.215311944
612,C,M3,2.537337656
613,C,M3,2.57248827
614,C,M3,3.262232814
615,C,M3,1.844369663
616,C,M3,2.84276771
617,C,M3,1.501716809
618,C,M3,3.224508562
619,C,M3,2.099818234
620,C,M3,4.378369498
621,C,M3,1.963178731
622,C,M3,2.744219529
623,C,M3,3.096182139
624,C,M3,4.254055508
625,C,M3,1.582119696
626,C,M3,2.791137763
627,C,M3,2.066972523
628,C,M3,2.893776533
629,C,M3,1.695855519
630,C,M3,2.149087492
631,C,M3,4.250092596
632,C,M3,2.352307401
633,C,M3,1.576701973
634,C,M3,1.646675885
635,C,M3,2.658672695
636,C,M3,2.716735916
637,C,M3,2.534255216
638,C,M3,3.333897698
639,C,M3,4.133010363
640,C,M3,2.589148812
641,C,M3,3.420192108
642,C,M3,2.753553323
643,C,M3,3.750757769
644,C,M3,3.333270062
645,C,M3,2.215984245
646,C,M3,3.557246482
647,C,M3,2.668412788
648,C,M3,2.53153009
649,C,M3,4.31602941
650,C,M3,2.610140317
651,C,M3,3.021768319
652,C,M3,1.530560418
653,C,M3,2.767152113
654,C,M3,1.526016028
655,C,M3,3.520282401
656,C,M3,2.312642262
657,C,M3,1.85326466
658,C,M3,1.749616625
659,C,M3,4.009902689
660,C,M3,1.828857156
661,C,M3,3.781085182
662,C,M3,2.064411047
663,C,M3,3.480734435
664,C,M3,2.228581324
665,C,M3,3.717865871
666,C,M3,1.476554966
667,C,M3,3.773705107
668,C,M3,3.58379425
669,C,M3,1.180014204
670,C,M3,3.061220331
671,C,M3,4.110970696
672,C,M3,2.22854986
673,C,M3,4.100427636
674,C,M3,2.877923222
675,C,M3,2.615453273
676,C,M3,3.289929217
677,C,M3,2.912516752
678,C,M3,3.998002076
679,C,M3,3.327683867
680,C,M3,3.411821408
681,C,M3,3.754054993
682,C,M3,1.76453261
683,C,M3,2.145062037
684,C,M3,3.471159634
685,C,M3,1.005315546
686,C,M3,1.845621543
687,C,M3,2.546905761
688,C,M3,2.590534204
689,C,M3,4.376346992
690,C,M3,2.237770675
691,C,M3,0.881894527
692,C,M3,2.627075081
693,C,M3,2.973316846
694,C,M3,2.884332998
695,C,M3,2.600722185
696,C,M3,2.539954647
697,C,M3,3.628936068
698,C,M3,2.145029603
699,C,M3,2.729132104
700,C,M3,3.299779942
701,C,M3,1.495182558
702,C,M3,1.902601096
703,C,M3,2.44227627
704,C,M3,1.600793907
705,C,M3,3.257128825
706,C,M3,3.460516912
707,C,M3,3.536205128
708,C,M3,2.710482356
709,C,M3,1.665914351
710,C,M3,2.471182947
711,C,M3,1.874370645
712,C,M3,3.224659169
713,C,M3,3.261781279
714,C,M3,2.658804311
715,C,M3,3.04941392
716,C,M3,2.788348372
717,C,M3,4.187001338
718,C,M3,1.948712922
719,C,M3,2.407643764
720,C,M3,4.690118334
721,C,M3,2.506312288
722,C,M3,2.132991647
723,C,M3,2.253349908
724,C,M3,4.08577869
725,C,M3,4.102056837
726,C,M3,3.564282119
727,C,M3,4.047159503
728,C,M3,1.925592891
729,C,M3,3.121292319
730,C,M3,1.484583517
731,C,M3,1.715546049
732,C,M3,2.885641999
733,C,M3,3.800111166
734,C,M3,2.173897002
735,C,M3,4.058907035
736,C,M3,3.73844688
737,C,M3,1.787594257
738,C,M3,2.335380002
739,C,M3,2.302036997
740,C,M3,1.450531027
741,C,M3,3.771792483
742,C,M3,3.079350562
743,C,M3,3.587934873
744,C,M3,2.566910668
745,C,M3,1.711818391
746,C,M3,2.773946453
747,C,M3,3.42973165
748,C,M3,2.662514614
749,C,M3,2.396478782
750,C,M3,3.084804722
751,C,M3,2.868526333
752,C,M3,3.168907485
753,C,M3,3.536067515
754,C,M3,2.359519152
755,C,M3,2.555475962
756,C,M3,4.567994185
757,C,M3,2.532594023
758,C,M3,3.110748518
759,C,M3,3.049320209
760,C,M3,4.015995194
761,C,M3,3.762731488
762,C,M3,0.902468445
763,C,M3,3.30694855
764,C,M3,3.489656893
765,C,M3,2.928843173
766,C,M3,2.785351666
767,C,M3,2.030340974
768,C,M3,2.041898123
769,C,M3,4.045423773
770,C,M3,2.087750545
771,C,M3,3.250258551
772,C,M3,2.01251379
773,C,M3,2.043865946
774,C,M3,4.18793346
775,C,M3,3.26917592
776,C,M3,4.297381449
777,C,M3,2.566551477
778,C,M3,4.285642185
779,C,M3,2.833991725
780,C,M3,3.585944627
781,C,M3,3.450075257
782,C,M3,3.715424803
783,C,M3,3.375307298
784,C,M3,3.124322389
785,C,M3,3.44153439
786,C,M3,2.325942721
787,C,M3,1.949990707
788,C,M3,3.180596994
789,C,M3,2.778173121
790,C,M3,1.740941632
791,C,M3,2.994144786
792,C,M3,2.062725746
793,C,M3,1.814986687
794,C,M3,1.86127257
795,C,M3,3.437241667
796,C,M3,3.982022504
797,C,M3,2.00145412
798,C,M3,1.528439907
799,C,M3,1.991073517
800,C,M3,3.10217489